Timestamp,Temperature[degC],Humidity[percent],PM1.0[ug/m^3],PM2.5[ug/m^3],PM10.0[ug/m^3],O3[ppb],O3[V],NO2[ppb],NO2[V],Pressure[Pa],Unnamed: 14,Unnamed: 15
2020-05-06 13:00,18.27,25.34,0.5,1.5,1.5,152.03,1.420438,3120.73,1.408406,99240.7,,
2020-05-06 14:00,17.96865385,24.77057692,1.019230769,1.713461538,1.861538462,53.43365385,1.422308038,420.5753846,1.424034519,99233.90769,,
2020-05-06 15:00,22.39216667,19.51583333,0.86,1.491666667,1.601666667,47.17183333,1.422769983,214.0093333,1.425344967,99153.84167,,
2020-05-06 16:00,22.31983333,18.8505,1.11,1.77,1.896666667,46.77933333,1.42276985,189.6418333,1.42548475,99105.39333,,
2020-05-06 17:00,22.19883333,18.44483333,1.4,2.188333333,2.283333333,47.52066667,1.422745983,161.216,1.42564825,99076.63167,,
2020-05-06 18:00,19.40616667,20.38816667,1.708333333,2.6,2.696666667,48.284,1.422524783,132.5348333,1.4257432,99090.32167,,
2020-05-06 19:00,16.15333333,24.04783333,2.116666667,3.106666667,3.255,46.44516667,1.422318917,110.69,1.425784133,99125.925,,
2020-05-06 20:00,14.56583333,23.1065,0.821666667,1.178333333,1.246666667,43.41766667,1.422256883,87.18566667,1.425876383,99185.425,,
2020-05-06 21:00,12.98616667,24.58133333,0.71,1.103333333,1.211666667,43.17333333,1.422144317,76.00666667,1.425898083,99219.23833,,
2020-05-06 22:00,11.88716667,25.71533333,0.533333333,0.993333333,1.046666667,43.3465,1.422083117,73.30133333,1.42589955,99214.60167,,
2020-05-06 23:00,11.19633333,28.3775,0.611666667,1.138333333,1.218333333,44.30683333,1.422042617,70.543,1.425915783,99184.50167,,
2020-05-07 0:00,10.46016667,30.10066667,0.99,1.578333333,1.656666667,43.53983333,1.422032817,70.27666667,1.425917583,99145.82333,,
2020-05-07 1:00,10.068,30.76833333,1.14,1.781666667,1.89,43.75366667,1.422016067,66.8545,1.42593725,99089.425,,
2020-05-07 2:00,9.5275,31.56433333,1.095,1.691666667,1.816666667,44.759,1.421979783,61.891,1.425965933,99036.87833,,
2020-05-07 3:00,8.706166667,33.52466667,1.151666667,1.831666667,1.965,44.89066667,1.421950467,67.2095,1.425935983,99008.19833,,
2020-05-07 4:00,8.544333333,31.64333333,0.921666667,1.516666667,1.64,45.33666667,1.421936967,64.3595,1.425952283,98989.27333,,
2020-05-07 5:00,8.431666667,31.68733333,0.726666667,1.243333333,1.375,47.03716667,1.4219018,66.78866667,1.425938583,98955.68333,,
2020-05-07 6:00,9.244166667,30.03716667,1.161666667,1.725,1.823333333,45.09183333,1.4219643,66.43133333,1.425940167,98951.65833,,
2020-05-07 7:00,13.89516667,25.885,0.831666667,1.411666667,1.548333333,42.1585,1.422236383,60.59733333,1.42601515,98932.30833,,
2020-05-07 8:00,14.9935,27.4525,0.938333333,1.61,1.723333333,44.5385,1.4222679,66.6705,1.426006233,98912.21,,
2020-05-07 9:00,16.58333333,26.3535,0.97,1.606666667,1.71,46.1185,1.422356983,81.63583333,1.42596345,98849.64167,,
2020-05-07 10:00,21.74716667,20.088,0.801666667,1.395,1.488333333,48.804,1.422687383,92.6955,1.426038167,98763.83667,,
2020-05-07 11:00,19.96383333,23.35683333,1.026666667,1.656666667,1.788333333,48.21366667,1.422567,103.653,1.425926233,98762.84167,,
2020-05-07 12:00,19.509,26.7865,1.375,2.141666667,2.256666667,47.0605,1.422555567,92.97633333,1.42597645,98705.21833,,
2020-05-07 13:00,17.595,34.679,2.088333333,3.056666667,3.198333333,47.054,1.422414517,82.00216667,1.425988767,98733.47167,,
2020-05-07 14:00,12.72783333,49.563,2.423333333,3.403333333,3.563333333,37.7825,1.422236383,65.8015,1.425956867,98794.77833,,
2020-05-07 15:00,11.25,55.03783333,1.761666667,2.646666667,2.803333333,33.99,1.42223755,70.16216667,1.4259186,98810.50833,,
2020-05-07 16:00,15.01116667,40.528,1.42,2.196666667,2.288333333,30.9895,1.422522883,65.20983333,1.426015233,98766.465,,
2020-05-07 17:00,16.46266667,31.36383333,1.281666667,1.911666667,2.016666667,35.176,1.4225535,55.74666667,1.4261099,98790.37833,,
2020-05-07 18:00,14.53533333,31.9425,1.553333333,2.363333333,2.508333333,42.45383333,1.422272617,46.80216667,1.42610805,98832.45167,,
2020-05-07 19:00,12.23816667,33.0595,1.378333333,2.05,2.14,40.44283333,1.422150917,50.72333333,1.426030383,98868.15,,
2020-05-07 20:00,10.69083333,33.7545,2.001666667,2.675,2.778333333,40.63066667,1.422094467,52.008,1.426022,98967.31167,,
2020-05-07 21:00,8.863,39.08133333,2.481666667,3.348333333,3.471666667,41.93066667,1.422010467,58.942,1.4259831,99030.74833,,
2020-05-07 22:00,7.676,42.95566667,1.936666667,2.988333333,3.186666667,40.55466667,1.421997033,61.34383333,1.42596985,99056.115,,
2020-05-07 23:00,7.029833333,45.37633333,2.175,3.293333333,3.448333333,39.38866667,1.421997383,63.10316667,1.425960133,99100.75167,,
2020-05-08 0:00,6.197,47.43,2.463333333,3.675,3.865,39.26183333,1.42197235,67.2575,1.42593685,99119.57,,
2020-05-08 1:00,5.9675,40.18433333,1.095,1.713333333,1.843333333,38.162,1.421985183,64.4905,1.425952667,99098.21667,,
2020-05-08 2:00,5.384,39.81933333,0.368333333,0.816666667,0.893333333,39.46583333,1.42194195,60.73133333,1.425974183,99070.08667,,
2020-05-08 3:00,4.5785,44.15616667,0.405,0.86,0.918333333,40.05,1.421904817,64.8785,1.425951083,99052.125,,
2020-05-08 4:00,4,47.4265,0.403333333,0.94,1.016666667,39.8645,1.421889217,64.40733333,1.42595395,99048.60667,,
2020-05-08 5:00,3.615666667,48.15133333,0.19,0.508333333,0.576666667,40.57283333,1.421863583,64.91616667,1.42595125,99064.285,,
2020-05-08 6:00,4.392833333,44.74833333,0.38,0.815,0.915,39.31583333,1.4219122,68.56583333,1.425930283,99048.325,,
2020-05-08 7:00,6.3905,36.393,0.088333333,0.303333333,0.345,37.47483333,1.422011667,63.53466667,1.4259579,99056.83,,
2020-05-08 8:00,7.865666667,29.4505,0.015,0.131666667,0.163333333,36.00466667,1.422087467,57.83833333,1.4259897,99080.74167,,
2020-05-08 9:00,10.188,25.35016667,0.151666667,0.18,0.206666667,37.37683333,1.4221384,52.01716667,1.4260221,99087.56,,
2020-05-08 10:00,12.36916667,22.94883333,0,0.05,0.1,38.92666667,1.4221869,45.9055,1.426060217,99022.29333,,
2020-05-08 11:00,14.996,21.02383333,0.228333333,0.321666667,0.361666667,39.53583333,1.42236175,66.8005,1.426005617,98970.36333,,
2020-05-08 12:00,14.86883333,20.703,0.065,0.198333333,0.226666667,39.64716667,1.422350083,71.46883333,1.425975133,98971.67833,,
2020-05-08 13:00,13.44766667,21.62333333,0.023333333,0.13,0.165,37.34083333,1.422286617,71.6855,1.42593485,98955.45,,
2020-05-08 14:00,13.84633333,20.87283333,0.008333333,0.068333333,0.11,37.603,1.42231155,69.28833333,1.4259596,98930.53833,,
2020-05-08 15:00,12.78783333,21.09816667,0.036666667,0.183333333,0.235,36.64716667,1.422250033,61.967,1.425972417,98937.33833,,
2020-05-08 16:00,12.81366667,20.64733333,0.04,0.22,0.265,36.44533333,1.4222557,63.06933333,1.42596685,98922.32833,,
2020-05-08 17:00,13.05516667,17.08733333,0.073333333,0.268333333,0.323333333,36.1125,1.42228115,58.88416667,1.425998317,98962.54667,,
2020-05-08 18:00,9.634166667,19.99716667,0.098333333,0.288333333,0.345,38.525,1.422098917,58.79233333,1.425983583,99031.10667,,
2020-05-08 19:00,6.38,25.2305,0.093333333,0.3,0.343333333,41.07916667,1.421944833,60.249,1.425976533,99094.03,,
2020-05-08 20:00,4.541833333,30.04133333,1.448333333,1.728333333,1.776666667,42.16033333,1.421864717,58.73283333,1.42598585,99163.56833,,
2020-05-08 21:00,3.397,34.35416667,0.063333333,0.171666667,0.21,39.69733333,1.4218724,55.83416667,1.4260026,99241.47667,,
2020-05-08 22:00,2.798833333,37.707,0.258333333,0.436666667,0.505,37.7525,1.4218885,55.13966667,1.426006817,99291.635,,
2020-05-08 23:00,2.533166667,45.89166667,0.121666667,0.341666667,0.393333333,36.81383333,1.421897067,56.20416667,1.426000883,99321.22333,,
2020-05-09 0:00,1.7015,51.74016667,0.055,0.25,0.325,34.25933333,1.4219163,55.55983333,1.426004833,99338.23167,,
2020-05-09 1:00,1.290333333,52.8235,0.011666667,0.105,0.163333333,35.519,1.42187985,60.28966667,1.425978283,99335.475,,
2020-05-09 2:00,1.532833333,51.1145,0.02,0.136666667,0.201666667,35.30383333,1.421891767,59.6055,1.425982117,99339.715,,
2020-05-09 3:00,1.113,50.8285,0.02,0.166666667,0.215,35.905,1.42186695,61.76666667,1.425970133,99316.40167,,
2020-05-09 4:00,0.718666667,53.10216667,0.008333333,0.161666667,0.213333333,36.63133333,1.421840733,62.8245,1.4259643,99322.13333,,
2020-05-09 5:00,0.521,53.18216667,0.013333333,0.178333333,0.208333333,36.93683333,1.421828567,64.96266667,1.425952367,99327.875,,
2020-05-09 6:00,1.409666667,51.72283333,0.065,0.28,0.37,36.80666667,1.4218602,73.01866667,1.4259066,99354.64333,,
2020-05-09 7:00,4.672166667,44.72733333,0.981666667,1.381666667,1.455,35.15333333,1.421997933,69.534,1.425924667,99357.96,,
2020-05-09 8:00,5.436666667,45.02066667,1.905,2.403333333,2.476666667,33.623,1.422051267,66.10566667,1.42594365,99338.38333,,
2020-05-09 9:00,7.226666667,42.576,0.36,0.783333333,0.868333333,34.595,1.422092467,61.6335,1.425968433,99295.36667,,
2020-05-09 10:00,9.717166667,37.26933333,0.376666667,0.696666667,0.738333333,31.68266667,1.422228583,57.226,1.42599255,99246.70667,,
2020-05-09 11:00,11.60133333,31.969,0.288333333,0.638333333,0.721666667,32.2705,1.422279917,40.98016667,1.426084833,99224.27,,
2020-05-09 12:00,9.7585,41.42233333,1.163333333,1.543333333,1.625,40.55266667,1.422065433,44.9945,1.42606235,99297.83167,,
2020-05-09 13:00,10.01166667,37.1705,1.535,1.89,1.951666667,33.5545,1.422203517,51.17166667,1.426027083,99315.395,,
2020-05-09 14:00,11.13283333,32.4975,0.018333333,0.223333333,0.275,33.92583333,1.4222336,44.2085,1.4260665,99340.05333,,
2020-05-09 15:00,11.67466667,27.522,0.005,0.101666667,0.14,36.67466667,1.4222003,36.9625,1.4261079,99342.81167,,
2020-05-09 16:00,10.51583333,28.93283333,0.31,0.476666667,0.491666667,42.71533333,1.422049967,46.49016667,1.426053617,99378.74167,,
2020-05-09 17:00,10.2505,29.8415,1.033333333,1.155,1.176666667,43.69966667,1.422023017,55.8545,1.426000167,99417.12833,,
2020-05-09 18:00,9.797666667,30.98666667,0.661666667,0.933333333,1.001666667,44.2655,1.421997767,55.6085,1.426001667,99433.70167,,
2020-05-09 19:00,9.3345,31.90683333,0.266666667,0.603333333,0.656666667,45.21216667,1.42196505,56.2125,1.425998483,99447.97833,,
2020-05-09 20:00,8.413666667,33.88933333,0.335,0.653333333,0.706666667,45.48966667,1.421929867,54.20683333,1.42601015,99505.71,,
2020-05-09 21:00,7.793666667,35.37083333,0.276666667,0.666666667,0.728333333,45.72216667,1.42190535,56.85983333,1.42599535,99574.06667,,
2020-05-09 22:00,6.959,37.4065,0.381666667,0.778333333,0.85,43.777,1.421914017,57.394,1.4259926,99597.73333,,
2020-05-09 23:00,5.972,41.53983333,0.663333333,1.1,1.2,42.93383333,1.4218973,57.82066667,1.42599055,99587.24167,,
2020-05-10 0:00,5.250833333,44.13,1.578333333,2.105,2.196666667,42.0465,1.4218901,63.49466667,1.425958567,99601.675,,
2020-05-10 1:00,5.2415,45.21933333,2.338333333,3.123333333,3.27,40.847,1.42191185,67.91383333,1.425933533,99621.49333,,
2020-05-10 2:00,6.022333333,42.671,1.291666667,1.998333333,2.11,41.24166667,1.4219302,67.72716667,1.425934267,99622.23667,,
2020-05-10 3:00,6.439166667,41.2495,1.153333333,1.76,1.873333333,41.70716667,1.421935267,65.1415,1.4259488,99603.125,,
2020-05-10 4:00,6.281,41.69016667,1.093333333,1.711666667,1.846666667,40.749,1.421947683,63.68483333,1.425957067,99578.81167,,
2020-05-10 5:00,5.59,43.62816667,1.285,2.028333333,2.181666667,41.48,1.4219116,66.4195,1.4259419,99553.64667,,
2020-05-10 6:00,5.298,45.29816667,2.021666667,2.88,3.021666667,41.69683333,1.4218981,76.10933333,1.42588705,99572.93333,,
2020-05-10 7:00,9.176333333,37.97783333,1.908333333,2.715,2.838333333,36.90783333,1.422113833,68.80033333,1.42592675,99556.42167,,
2020-05-10 8:00,11.07216667,34.77466667,0.925,1.515,1.591666667,37.97766667,1.42215635,51.487,1.42602485,99543.15833,,
2020-05-10 9:00,10.97483333,35.54916667,2.918333333,3.48,3.568333333,38.60533333,1.422141467,52.54666667,1.426018833,99504.70333,,
2020-05-10 10:00,11.41416667,34.98066667,1.031666667,1.723333333,1.853333333,39.106,1.422146567,47.87516667,1.426045367,99514.955,,
2020-05-10 11:00,10.468,43.803,2.628333333,3.738333333,3.918333333,40.40066667,1.422091383,52.199,1.42602095,99518.18,,
2020-05-10 12:00,10.27816667,45.166,3.38,4.89,5.146666667,36.77716667,1.422152483,58.19466667,1.425986717,99495.32167,,
2020-05-10 13:00,10.74083333,49.38166667,3.47,5.148333333,5.406666667,36.57783333,1.422171383,66.40766667,1.425939617,99444.50167,,
2020-05-10 14:00,10.965,50.77733333,4.113333333,6.175,6.526666667,34.6465,1.4222148,68.4095,1.425928017,99385.93,,
2020-05-10 15:00,11.94783333,47.88066667,3.455,5.033333333,5.258333333,34.32916667,1.422252933,65.68733333,1.425943083,99344.115,,
2020-05-10 16:00,13.887,43.0855,2.865,4.29,4.52,33.931,1.422385267,67.73466667,1.425970917,99281.03667,,
2020-05-10 17:00,14.02266667,41.56316667,3.346666667,4.851666667,5.056666667,34.85316667,1.42237625,52.802,1.426059233,99259.77167,,
2020-05-10 18:00,11.7045,48.6105,4.028333333,5.79,6.028333333,34.56666667,1.42224065,57.39283333,1.425990933,99284.47333,,
2020-05-10 19:00,10.89316667,51.24433333,4.42,6.19,6.4,34.99216667,1.422205917,65.15366667,1.425946667,99280.89667,,
2020-05-10 20:00,10.2,52.543,5.158333333,7.216666667,7.478333333,37.41133333,1.422138133,70.05566667,1.425918967,99269.91667,,
2020-05-10 21:00,9.371666667,53.87566667,5.166666667,7.205,7.465,38.55983333,1.4220896,72.33483333,1.425906417,99281.14,,
2020-05-10 22:00,8.966440678,54.39101695,4.357627119,6.233898305,6.474576271,38.47966102,1.422077814,74.50881356,1.42589422,99275.31356,,
2020-05-10 23:00,8.393770492,54.46360656,1.918032787,2.809836066,2.944262295,39.86180328,1.422033443,72.95622951,1.425903328,99239.77049,,
2020-05-11 0:00,8.0855,53.52283333,1.6,2.331666667,2.483333333,38.85583333,1.422041917,73.84116667,1.42589845,99210.58667,,
2020-05-11 1:00,7.945666667,48.1045,1.156666667,1.716666667,1.776666667,39.15316667,1.422031783,72.06516667,1.425908633,99191.07333,,
2020-05-11 2:00,7.672,50.64816667,1.156666667,1.726666667,1.82,40.02433333,1.422006683,73.566,1.425900283,99165.21667,,
2020-05-11 3:00,7.142333333,55.16966667,1.66,2.333333333,2.415,41.25266667,1.421966633,77.00433333,1.425881033,99154.065,,
2020-05-11 4:00,6.449833333,59.113,2.933333333,3.933333333,4.038333333,41.7725,1.42193435,77.97683333,1.425875817,99134.735,,
2020-05-11 5:00,5.701,62.01366667,4.256666667,5.406666667,5.573333333,42.3325,1.421899517,79.34666667,1.42586855,99132.17833,,
2020-05-11 6:00,5.548983051,63.14491525,4.659322034,5.694915254,5.811864407,43.57254237,1.421871746,82.2059322,1.425852305,99175.22034,,
2020-05-11 7:00,5.634333333,62.92433333,3.766666667,4.751666667,4.91,45.12316667,1.421846017,86.49016667,1.425828067,99211.88167,,
2020-05-11 8:00,5.752,63.59033333,3.683333333,4.576666667,4.705,43.4305,1.42188095,86.14233333,1.425829917,99256.22667,,
2020-05-11 9:00,6.782833333,63.16666667,2.643333333,3.646666667,3.846666667,42.28583333,1.421935883,86.42916667,1.425827667,99296.96667,,
2020-05-11 10:00,8.330833333,60.3315,3.48,6.671666667,7.74,40.13,1.4220264,84.93816667,1.4258352,99343.38167,,
2020-05-11 11:00,10.34283333,57.3025,1.191666667,1.805,1.908333333,36.65583333,1.422156883,80.01583333,1.425861967,99382.10333,,
2020-05-11 12:00,11.19416667,54.20116667,1.711666667,2.585,2.711666667,34.95233333,1.42221655,73.5855,1.425898283,99395.30333,,
2020-05-11 13:00,11.77333333,48.27916667,0.706666667,1.208333333,1.275,30.52533333,1.422318083,68.66733333,1.4259262,99394.56167,,
2020-05-11 14:00,13.09,40.34083333,0.125,0.32,0.358333333,29.474,1.4224076,67.19733333,1.42595155,99424.96167,,
2020-05-11 15:00,14.99316667,34.0665,0.008333333,0.116666667,0.153333333,33.28416667,1.4224784,59.45816667,1.426047817,99438.35667,,
2020-05-11 16:00,15.45766667,31.27,0.545,1.17,1.278333333,39.0485,1.4224054,55.7485,1.426082,99455.255,,
2020-05-11 17:00,15.18,30.9145,1.968333333,3.383333333,3.603333333,40.87666667,1.42235035,66.70116667,1.426011267,99474.44667,,
2020-05-11 18:00,13.349,33.96033333,3.84,5.895,6.15,38.42883333,1.422264667,65.6525,1.42597065,99511.155,,
2020-05-11 19:00,11.02183333,37.7545,4.328333333,6.725,6.976666667,37.2935,1.422167383,70.32216667,1.4259171,99550.28,,
2020-05-11 20:00,9.171166667,40.59133333,2.776666667,4.14,4.291666667,37.96416667,1.4220941,65.36,1.425946283,99592.22833,,
2020-05-11 21:00,7.383333333,43.7835,2.095,3.13,3.228333333,38.70416667,1.422021667,68.84216667,1.42592725,99654.07333,,
2020-05-11 22:00,6.299,45.9145,1.65,2.543333333,2.651666667,38.0475,1.42199815,69.74266667,1.425922667,99729.63667,,
2020-05-11 23:00,5.290833333,46.51566667,1.166666667,1.738333333,1.86,37.97066667,1.4219665,71.14883333,1.425915233,99766.17833,,
2020-05-12 0:00,4.5385,45.90766667,1.248333333,2.036666667,2.218333333,40.24416667,1.421899817,72.87816667,1.425905867,99805.64167,,
2020-05-12 1:00,3.991333333,46.60416667,1.31,2.176666667,2.353333333,42.08766667,1.421848133,75.02066667,1.425894017,99818.18833,,
2020-05-12 2:00,3.340833333,47.5235,1.843333333,2.866666667,3.088333333,44.4255,1.421783867,80.4965,1.425863433,99815.29333,,
2020-05-12 3:00,2.804166667,49.60033333,8.725,10.60666667,11.14666667,44.2555,1.421769433,79.725,1.425868067,99826.965,,
2020-05-12 4:00,2.632833333,50.82766667,7.28,8.965,9.266666667,43.453,1.421778583,76.157,1.425888283,99841.28833,,
2020-05-12 5:00,2.453166667,50.97066667,2.001666667,3.223333333,3.446666667,43.36933333,1.42177425,81.69316667,1.425857133,99866.1,,
2020-05-12 6:00,3.127333333,49.46966667,3.366666667,4.746666667,5.075,44.857,1.421769067,88.712,1.425817083,99885.82833,,
2020-05-12 7:00,6.800833333,42.103,3.01,4.48,4.728333333,41.67083333,1.421947733,81.41066667,1.4258562,99900.64667,,
2020-05-12 8:00,8.546833333,37.76983333,2.026666667,3.186666667,3.383333333,40.6425,1.42202385,75.8795,1.425886633,99910.52833,,
2020-05-12 9:00,10.9995,30.70116667,1.638333333,2.541666667,2.715,38.38616667,1.422152617,61.23616667,1.425973167,99882.94333,,
2020-05-12 10:00,15.76933333,22.21416667,0.795,1.505,1.613333333,41.172,1.422389067,53.95316667,1.426101,99844.68,,
2020-05-12 11:00,18.764,20.076,1.043333333,1.868333333,2.02,43.85,1.4225614,86.49516667,1.425994333,99807.63833,,
2020-05-12 12:00,17.57716667,18.588,1.243333333,2.023333333,2.18,45.51116667,1.422442033,91.7065,1.4259321,99796.115,,
2020-05-12 13:00,14.4895,23.12766667,1.555,2.511666667,2.695,43.58966667,1.422247767,83.64716667,1.425894583,99825.005,,
2020-05-12 14:00,12.96433333,30.34466667,2.42,3.643333333,3.883333333,41.43983333,1.42217375,75.07333333,1.425902,99876.665,,
2020-05-12 15:00,12.88916667,31.27766667,2.426666667,3.728333333,3.98,39.67683333,1.422200967,66.77183333,1.4259476,99904.47167,,
2020-05-12 16:00,13.47333333,29.59683333,2.31,3.505,3.711666667,39.27433333,1.422252467,60.95883333,1.425997183,99921.53167,,
2020-05-12 17:00,13.65116667,28.33416667,1.783333333,2.9,3.125,40.54816667,1.42224185,62.94016667,1.425990683,99960.36167,,
2020-05-12 18:00,13.54016667,28.22216667,1.948333333,3.175,3.37,42.903,1.422189617,61.43416667,1.425996233,99986.11333,,
2020-05-12 19:00,11.62333333,31.21816667,2.355,3.676666667,3.87,42.86383333,1.4220834,63.695,1.425954783,100026.2033,,
2020-05-12 20:00,10.05,34.80416667,2.7,4.086666667,4.325,43.24,1.422025033,64.10283333,1.4259531,100084.3117,,
2020-05-12 21:00,8.3855,36.654,2.09,3.183333333,3.385,43.87916667,1.421958733,61.89633333,1.4259664,100158.65,,
2020-05-12 22:00,7.134,37.25716667,1.408333333,2.231666667,2.338333333,44.37733333,1.4219087,59.24166667,1.425981983,100228.3067,,
2020-05-12 23:00,5.964,36.97633333,1.446666667,2.266666667,2.408333333,44.76516667,1.421863333,59.5885,1.425980383,100288.255,,
2020-05-13 0:00,5.0835,39.71016667,1.731666667,2.711666667,2.863333333,45.02933333,1.421829667,61.50283333,1.4259699,100349.8717,,
2020-05-13 1:00,4.371833333,42.97366667,1.866666667,2.821666667,3.026666667,44.58866667,1.42181455,64.49566667,1.425953283,100382.5517,,
2020-05-13 2:00,3.746833333,45.846,2.653333333,4.116666667,4.4,43.5575,1.42181305,69.40333333,1.425925883,100403.3917,,
2020-05-13 3:00,3.405666667,49.207,3.598333333,5.64,6.018333333,44.56116667,1.421783483,72.5705,1.4259081,100449.835,,
2020-05-13 4:00,3.114833333,50.39016667,2.983333333,4.605,4.925,43.93816667,1.4217855,75.93216667,1.425889267,100497.5767,,
2020-05-13 5:00,2.827833333,50.8535,2.363333333,3.52,3.695,45.22883333,1.421752433,78.20633333,1.425876667,100538.3217,,
2020-05-13 6:00,3.749,50.02683333,2.376666667,3.495,3.695,43.0025,1.4218234,84.10033333,1.425842767,100588.3167,,
2020-05-13 7:00,9.777666667,37.35483333,2.165,3.13,3.298333333,36.81016667,1.422138383,77.43266667,1.4258791,100612.66,,
2020-05-13 8:00,16.52166667,25.13683333,0.885,1.56,1.691666667,39.206,1.4224819,55.71,1.426111683,100646.9017,,
2020-05-13 9:00,20.65666667,19.8245,1.096666667,1.671666667,1.801666667,46.09866667,1.422657917,70.13666667,1.42614005,100670.79,,
2020-05-13 10:00,22.56216667,17.55916667,0.778333333,1.31,1.435,44.268,1.42283795,101.47,1.426010983,100669.6567,,
2020-05-13 11:00,23.16816667,16.86933333,1.096666667,1.738333333,1.828333333,44.22916667,1.422889167,110.1896667,1.4259796,100686.0633,,
2020-05-13 12:00,22.491,17.87416667,1.371666667,2.168333333,2.295,44.28333333,1.422831767,103.8721667,1.42599455,100660.4483,,
2020-05-13 13:00,20.64433333,19.44166667,3.09,4.463333333,4.656666667,46.1035,1.42265695,94.68683333,1.425996483,100622.1717,,
2020-05-13 14:00,19.37216667,20.05633333,3.02,4.456666667,4.661666667,44.20283333,1.422599667,85.65183333,1.426015483,100582.7133,,
2020-05-13 15:00,20.435,18.79383333,4.02,5.623333333,5.876666667,45.74833333,1.422648333,82.9955,1.426059233,100537.6433,,
2020-05-13 16:00,21.27133333,18.7215,4.691666667,6.603333333,6.863333333,46.3195,1.422698933,83.55033333,1.426078283,100482.725,,
2020-05-13 17:00,21.08633333,18.02633333,5.166666667,7.346666667,7.685,48.51966667,1.4226434,82.19733333,1.4260813,100479.3,,
2020-05-13 18:00,18.33266667,20.088,6.06,8.521666667,8.865,49.3735,1.4224254,69.4375,1.426081617,100468.1267,,
2020-05-13 19:00,15.286,22.58333333,6.116666667,8.613333333,8.955,47.77016667,1.422229217,61.167,1.426046067,100480.7333,,
2020-05-13 20:00,13.68183333,24.423,4.798333333,6.921666667,7.266666667,44.997,1.42216115,51.81683333,1.42605545,100494.07,,
2020-05-13 21:00,12.59966667,27.58516667,4.198333333,6.051666667,6.323333333,43.683,1.42210825,48.67133333,1.426045967,100505.9317,,
2020-05-13 22:00,11.65983333,33.48533333,4.691666667,6.698333333,7.003333333,41.736,1.42210565,52.35816667,1.42601965,100528.35,,
2020-05-13 23:00,10.9185,35.98966667,5.26,7.53,7.865,38.7375,1.422137117,52.09383333,1.426021417,100546.2017,,
2020-05-14 0:00,10.57366667,37.5665,6.281666667,9.091666667,9.518333333,34.8805,1.4221975,53.51383333,1.426013417,100533.7717,,
2020-05-14 1:00,10.03533333,38.15466667,6.321666667,9.226666667,9.643333333,33.94116667,1.422197133,58.801,1.425983417,100492.4483,,
2020-05-14 2:00,9.175333333,39.473,7.166666667,9.985,10.41833333,36.2505,1.422126,66.18483333,1.425941633,100476.76,,
2020-05-14 3:00,8.886333333,39.95033333,7.163333333,10.14166667,10.62333333,35.88033333,1.422123267,68.58766667,1.42592795,100444.6683,,
2020-05-14 4:00,9.360833333,39.09616667,7.078333333,10.17166667,10.685,36.30266667,1.422131017,65.16566667,1.42594725,100400.3667,,
2020-05-14 5:00,9.361833333,41.9365,8.235,11.91833333,12.51,35.758,1.422141267,63.32083333,1.425957817,100370.6733,,
2020-05-14 6:00,9.3235,43.18916667,9.236666667,13.535,14.14166667,37.16583333,1.422113883,71.2515,1.425912583,100359.7583,,
2020-05-14 7:00,9.675833333,42.362,8.193333333,11.95833333,12.55333333,33.82216667,1.422187467,66.92166667,1.425937167,100379.5433,,
2020-05-14 8:00,11.19366667,40.28816667,7.803333333,11.31666667,11.775,32.2355,1.422267067,65.03133333,1.4259473,100325.405,,
2020-05-14 9:00,13.88216667,31.864,6.153333333,9.125,9.471666667,33.69516667,1.422387267,50.62016667,1.426067867,100237.3867,,
2020-05-14 10:00,15.83166667,30.687,4.118333333,6.103333333,6.466666667,37.723,1.42245835,45.1915,1.4261533,100154.04,,
2020-05-14 11:00,15.89733333,33.94533333,4.58,6.861666667,7.19,40.96616667,1.4224025,48.52766667,1.426135867,100091.1017,,
2020-05-14 12:00,15.75483333,35.19316667,5.981666667,8.87,9.348333333,38.98283333,1.42242895,50.66783333,1.4261196,100018.8683,,
2020-05-14 13:00,15.74233333,34.48466667,5.333333333,8.228333333,8.658333333,35.71883333,1.422489267,47.57083333,1.4261371,99874.73667,,
2020-05-14 14:00,15.3105,34.57466667,5.813333333,9.403333333,9.966666667,37.87733333,1.4224163,43.5305,1.426148417,99751.72833,,
2020-05-14 15:00,13.78133333,37.44,6.288333333,10.45333333,11.19333333,36.10366667,1.422334617,44.5795,1.426099783,99672.08333,,
2020-05-14 16:00,13.57016667,36.53016667,6.418333333,10.655,11.45666667,37.09333333,1.422300333,48.35583333,1.426072267,99570.885,,
2020-05-14 17:00,13.555,46.28633333,7.926666667,12.73333333,13.62833333,40.04866667,1.422244067,60.06533333,1.426004517,99531.24667,,
2020-05-14 18:00,12.35183333,53.38983333,8.743333333,13.775,14.58166667,35.51733333,1.422247267,56.77466667,1.425996117,99533.39667,,
2020-05-14 19:00,11.4655,59.97683333,8.666666667,13.58833333,14.25833333,39.97233333,1.422132117,67.761,1.425931517,99453.16167,,
2020-05-14 20:00,10.76383333,65.544,10.12166667,15.58166667,16.365,40.62366667,1.422097033,75.09516667,1.425889917,99377.79167,,
2020-05-14 21:00,10.85966667,66.64083333,11.44333333,18.20666667,19.09333333,45.187,1.422015333,84.52716667,1.425835917,99360.39,,
2020-05-14 22:00,11.19133333,66.93233333,13.59,22.27333333,23.51333333,42.02083333,1.42208495,82.4615,1.425847483,99351.98,,
2020-05-14 23:00,11.474,67.1045,16.41833333,27.89666667,30.16333333,44.3135,1.4220516,86.09933333,1.425826483,99284.41333,,
2020-05-15 0:00,11.76033333,67.502,17.56166667,30.85,34.98166667,41.28683333,1.422117283,81.62233333,1.425851917,99246.865,,
2020-05-15 1:00,11.9275,67.597,18.805,35.435,42.70833333,39.0405,1.4221647,82.52716667,1.42584665,99207.51333,,
2020-05-15 2:00,12.12466667,67.63116667,18.45666667,35.00666667,42.22833333,41.113,1.4221324,89.13916667,1.425808667,99186.94667,,
2020-05-15 3:00,12.50916667,67.8235,20.37833333,36.985,44.84833333,40.68216667,1.422155567,91.6905,1.425795267,99145.37833,,
2020-05-15 4:00,12.99183333,68.07333333,23.63666667,41.80333333,51.94333333,38.17366667,1.4222368,87.71683333,1.425830217,99151.62833,,
2020-05-15 5:00,13.448,66.7095,21.83166667,38.98666667,47.87166667,36.59466667,1.422300483,88.30566667,1.425839317,99156.73667,,
2020-05-15 6:00,13.26933333,66.14883333,19.16833333,35.30833333,42.69833333,37.37733333,1.422272367,90.31433333,1.425822917,99176.92833,,
2020-05-15 7:00,13.3505,66.5775,19.865,37.08666667,45.765,36.88683333,1.4222878,91.3905,1.425818983,99187.75833,,
2020-05-15 8:00,13.48733333,65.524,23.58833333,41.495,51.42833333,39.34983333,1.42225205,92.71633333,1.425814983,99166.86833,,
2020-05-15 9:00,13.551,67.55566667,21.99666667,38.78166667,47.29833333,43.07733333,1.422187233,99.4845,1.425777917,99065.685,,
2020-05-15 10:00,14.093,67.91116667,14.95,26.06666667,28.76333333,44.35833333,1.4222037,100.0845,1.425789133,98975.96,,
2020-05-15 11:00,15.268,67.009,12.52333333,21.13,22.51166667,44.06083333,1.4222974,98.92166667,1.42582795,98892.92667,,
2020-05-15 12:00,16.46766667,66.25733333,13.31833333,24.115,26.41,42.76916667,1.422411367,97.45083333,1.425869133,98849.43167,,
2020-05-15 13:00,18.44833333,65.97283333,17.68666667,30.38333333,34.175,41.95816667,1.422573967,107.1198333,1.4258663,98805.25833,,
2020-05-15 14:00,20.3295,66.53666667,22.63166667,35.55,41.06,41.47516667,1.422721633,109.601,1.425901067,98812.9,,
2020-05-15 15:00,21.58383333,58.3585,6.738333333,10.19833333,10.56166667,34.13266667,1.422954217,92.39166667,1.426034933,98888.02667,,
2020-05-15 16:00,19.86583333,59.26533333,4.486666667,6.163333333,6.358333333,35.40733333,1.42280245,91.778,1.425992833,98949.40833,,
2020-05-15 17:00,19.79633333,58.325,2.363333333,3.06,3.123333333,36.4465,1.422777767,90.54666667,1.4259982,98993.765,,
2020-05-15 18:00,20.11483333,55.55483333,0.821666667,1.126666667,1.153333333,38.238,1.422767317,88.47633333,1.426018767,99069.67167,,
2020-05-15 19:00,19.21333333,53.946,0.605,0.873333333,0.89,40.3665,1.4226605,82.282,1.426030833,99194.17167,,
2020-05-15 20:00,17.40633333,56.88333333,0.788333333,1.13,1.16,41.06183333,1.422513817,78.38216667,1.426005083,99291.015,,
2020-05-15 21:00,15.85016667,59.50716667,1.15,1.585,1.645,40.84833333,1.4224011,81.31516667,1.42594545,99388.28667,,
2020-05-15 22:00,14.904,61.01716667,3.79,4.591666667,4.818333333,40.30816667,1.4223403,81.74266667,1.425916967,99472.73667,,
2020-05-15 23:00,14.28783333,61.72083333,1.838333333,2.443333333,2.503333333,40.98133333,1.422281617,80.265,1.4259086,99540.25667,,
2020-05-16 0:00,13.497,62.33233333,3.78,5.19,5.328333333,39.31166667,1.422253483,78.39066667,1.425897633,99592.45667,,
2020-05-16 1:00,12.58733333,64.96183333,5.125,7.325,7.551666667,38.708,1.42219775,78.589,1.4258724,99631.935,,
2020-05-16 2:00,12.55083333,67.99983333,5.135,7.966666667,8.318333333,39.48633333,1.42218145,84.4585,1.425838367,99686.64167,,
2020-05-16 3:00,13.13483333,65.77283333,4.356666667,6.623333333,6.878333333,38.78116667,1.42223625,82.477,1.425864217,99756.965,,
2020-05-16 4:00,13.088,65.96533333,4.695,7.033333333,7.328333333,39.70683333,1.42221535,82.22316667,1.425864333,99830.70667,,
2020-05-16 5:00,13.09766667,65.02533333,4.633333333,6.826666667,7.096666667,38.2875,1.422242733,84.02183333,1.425854367,99889.46,,
2020-05-16 6:00,13.0415,63.89716667,5.095,7.173333333,7.403333333,39.88683333,1.422208567,84.34016667,1.425850967,99984.43667,,
2020-05-16 7:00,13.46166667,62.74383333,3.866666667,5.605,5.801666667,38.87116667,1.4222591,86.97816667,1.425847317,100088.7217,,
2020-05-16 8:00,19.45533333,47.49616667,3.255,4.518333333,4.658333333,36.10983333,1.422758983,95.01633333,1.425963617,100117.9767,,
2020-05-16 9:00,24.86033333,35.63716667,2.065,2.88,2.976666667,43.04633333,1.423052417,74.6825,1.426245367,100148.9567,,
2020-05-16 10:00,24.42461538,36.61076923,2.282692308,3.061538462,3.15,46.675,1.422946538,94.3975,1.426114365,100178.6231,,
2020-05-16 11:00,26.14333333,34.5975,3.116666667,4.27,4.398333333,43.61183333,1.423152433,113.5076667,1.426059883,100186.45,,
2020-05-16 12:00,26.7805,32.94883333,4.045,5.545,5.695,48.0345,1.423119967,114.2635,1.426076017,100202.8733,,
2020-05-16 13:00,23.7375,37.41566667,4.253333333,5.9,6.108333333,46.553,1.422891783,106.7688333,1.426018267,100216.0183,,
2020-05-16 14:00,23.59516667,36.91183333,3.846666667,5.27,5.445,46.42866667,1.422882417,95.98566667,1.426077233,100225.185,,
2020-05-16 15:00,24.854,35.00366667,4.036666667,5.603333333,5.781666667,47.25666667,1.422970933,97.8445,1.426107717,100166.0867,,
2020-05-16 16:00,24.86616667,34.08716667,4.38,6.101666667,6.303333333,49.0955,1.422936567,101.8351667,1.426084533,100147.8883,,
2020-05-16 17:00,23.49116667,35.93316667,7.448333333,10.95333333,11.66666667,47.6865,1.422849533,98.31833333,1.426060083,100181.69,,
2020-05-16 18:00,20.73366667,39.55116667,5.363333333,7.485,7.725,48.4675,1.42262,84.26266667,1.426060883,100218.0717,,
2020-05-16 19:00,17.669,44.9215,3.641666667,4.943333333,5.101666667,46.48566667,1.422431133,80.87583333,1.425997583,100273.135,,
2020-05-16 20:00,15.4685,49.4855,4.271666667,5.805,6.02,41.283,1.422364383,69.80316667,1.426001283,100302.9267,,
2020-05-16 21:00,14.12783333,52.15,5.68,8.286666667,8.663333333,36.46283333,1.422353967,64.323,1.425995983,100343.7167,,
2020-05-16 22:00,13.56366667,53.37483333,6.535,9.703333333,10.145,38.03966667,1.42228215,72.75183333,1.425931867,100370.5083,,
2020-05-16 23:00,13.0735,54.56783333,6.375,9.386666667,9.775,34.91833333,1.422303717,70.08566667,1.425933767,100369.915,,
2020-05-17 0:00,12.77683333,55.315,11.75,16.75666667,17.65166667,37.54166667,1.422232483,74.7575,1.4258987,100333.1983,,
2020-05-17 1:00,12.39283333,56.0435,10.14833333,14.95,15.58666667,37.17766667,1.42221545,76.25283333,1.425882883,100369.1933,,
2020-05-17 2:00,12.13566667,56.44633333,9.22,13.50166667,14.10333333,38.13016667,1.42218845,79.09566667,1.42586615,100365.8317,,
2020-05-17 3:00,11.895,56.35983333,7.475,10.83833333,11.28166667,38.1045,1.422181,75.52066667,1.425886883,100381.9567,,
2020-05-17 4:00,11.4005,57.19566667,7.211666667,10.65833333,11.07333333,39.9165,1.422131067,78.3485,1.4258709,100372.4,,
2020-05-17 5:00,10.88316667,58.3615,6.476666667,9.558333333,9.933333333,39.75683333,1.42211705,77.368,1.425876883,100374.1683,,
2020-05-17 6:00,11.29083333,59.0335,5.695,8.263333333,8.585,39.34333333,1.422138017,86.96133333,1.425821717,100393.2417,,
2020-05-17 7:00,14.27133333,52.66683333,4.071666667,5.863333333,6.09,38.9585,1.422318317,86.72233333,1.4258711,100402.31,,
2020-05-17 8:00,18.40916667,43.85983333,3.076666667,4.171666667,4.346666667,38.451,1.42263705,81.405,1.426014483,100398.1933,,
2020-05-17 9:00,21.36483333,38.10633333,2.245,3.226666667,3.373333333,44.45116667,1.42274125,64.30883333,1.426193517,100341.07,,
2020-05-17 10:00,21.06583333,38.4145,3.231666667,4.63,4.813333333,47.11933333,1.422668533,73.8685,1.426129433,100309.52,,
2020-05-17 11:00,21.84816667,36.64666667,2.943333333,4.076666667,4.22,46.83816667,1.422733417,79.10266667,1.4261213,100275.675,,
2020-05-17 12:00,20.72166667,39.599,3.883333333,5.241666667,5.411666667,46.04983333,1.422663583,90.1885,1.426024817,100244.9983,,
2020-05-17 13:00,20.34766667,38.81433333,2.883333333,3.971666667,4.106666667,47.39333333,1.422610733,81.67833333,1.426064617,100194.67,,
2020-05-17 14:00,20.00933333,39.45166667,2.593333333,3.623333333,3.771666667,48.994,1.42255555,81.94433333,1.42605405,100142.9633,,
2020-05-17 15:00,20.49216667,38.742,2.353333333,3.228333333,3.33,48.60783333,1.42259825,76.53966667,1.426098467,100107.7917,,
2020-05-17 16:00,19.03916667,42.08266667,2.926666667,3.865,3.985,47.29816667,1.4225166,76.1855,1.42606165,100081.3683,,
2020-05-17 17:00,18.52883333,42.53683333,2.808333333,3.721666667,3.823333333,45.75516667,1.422508267,68.57666667,1.426092083,100022.8583,,
2020-05-17 18:00,17.76116667,44.705,2.653333333,3.553333333,3.653333333,45.78016667,1.422451533,63.37483333,1.42610165,100029.235,,
2020-05-17 19:00,16.7805,49.87,3.021666667,4.108333333,4.263333333,41.685,1.422455133,65.66933333,1.4260614,99994.61333,,
2020-05-17 20:00,16.26116667,52.18916667,2.9,3.931666667,4.048333333,39.289,1.422461267,69.75316667,1.4260235,100014.27,,
2020-05-17 21:00,16.21616667,52.603,4.698333333,6.448333333,6.68,39.97583333,1.42244485,76.03783333,1.425985867,100011.715,,
2020-05-17 22:00,17.26033333,49.2665,5.521666667,7.148333333,7.346666667,41.23183333,1.422499717,79.21066667,1.425996267,100025.9233,,
2020-05-17 23:00,17.13666667,52.74133333,4.708333333,6.26,6.455,40.07916667,1.422512083,75.70533333,1.426013217,100032.465,,
2020-05-18 0:00,15.921,56.394,5.833333333,7.86,8.125,41.4635,1.4223949,82.5825,1.42594005,100043.165,,
2020-05-18 1:00,14.4525,67.25666667,4.838333333,6.3,6.461666667,43.35816667,1.4222494,82.65083333,1.42589935,100046.3133,,
2020-05-18 2:00,14.0175,70.41033333,3.133333333,4.346666667,4.521666667,44.54966667,1.4221946,86.558,1.425865,100029.3417,,
2020-05-18 3:00,13.832,70.43933333,2.393333333,3.3,3.45,46.65933333,1.422141183,85.54733333,1.4258656,100011.9567,,
2020-05-18 4:00,13.72266667,70.42583333,2.353333333,3.346666667,3.498333333,46.2545,1.42214065,86.2275,1.4258588,99967.77667,,
2020-05-18 5:00,13.68733333,69.102,2.925,4.153333333,4.333333333,46.285,1.42213745,85.021,1.425864783,99979.59333,,
2020-05-18 6:00,13.61433333,69.19683333,3.085,4.368333333,4.551666667,46.303,1.422131683,85.0255,1.42586265,99992.38,,
2020-05-18 7:00,13.7465,67.90516667,3.683333333,5.14,5.315,45.13383333,1.422163417,83.68716667,1.42587405,99998.93667,,
2020-05-18 8:00,14.2925,65.196,3.041666667,4.175,4.336666667,46.1955,1.422184417,84.3105,1.425885483,99991.33667,,
2020-05-18 9:00,15.17733333,66.599,3.653333333,4.833333333,4.971666667,46.449,1.422245917,89.89683333,1.425877417,99966.88667,,
2020-05-18 10:00,15.80416667,67.6325,4.23,5.678333333,5.805,45.63616667,1.422307983,92.467,1.425879883,99969.76,,
2020-05-18 11:00,15.89166667,68.6965,4.581666667,6.101666667,6.305,43.37066667,1.42235705,91.81833333,1.425885933,99989.21167,,
2020-05-18 12:00,16.43733333,65.678,4.493333333,5.97,6.135,44.26716667,1.422381,91.501,1.425902667,99998.44167,,
2020-05-18 13:00,16.8945,64.054,5.895,7.843333333,7.961666667,45.32683333,1.4223954,92.1645,1.425911433,99994.92833,,
2020-05-18 14:00,16.25933333,65.88766667,5.615,7.658333333,7.903333333,43.38566667,1.422384283,91.023,1.425900633,99980.865,,
2020-05-18 15:00,16.34,65.186,4.468333333,5.903333333,6.066666667,46.19583333,1.422337583,92.68766667,1.425893267,99981.45833,,
2020-05-18 16:00,16.764,64.2695,4.323333333,5.758333333,5.938333333,47.43516667,1.422346,91.33333333,1.425912533,99967.555,,
2020-05-18 17:00,16.1005,66.88266667,3.696666667,4.945,5.053333333,47.59566667,1.42229335,92.27083333,1.425889083,99956.09,,
2020-05-18 18:00,15.7705,66.44783333,4.018333333,5.358333333,5.553333333,47.63583333,1.422268,93.8575,1.42587085,99960.97333,,
2020-05-18 19:00,15.52733333,64.79966667,3.386666667,4.66,4.795,46.1165,1.422278283,92.84316667,1.425870067,99979.095,,
2020-05-18 20:00,15.69116667,64.24783333,3.131666667,4.233333333,4.401666667,47.85366667,1.422257933,91.83633333,1.42588045,99992.385,,
2020-05-18 21:00,16.212,64.27733333,4.375,5.971666667,6.155,47.53366667,1.422302817,100.1258333,1.425846717,100026.4867,,
2020-05-18 22:00,16.52516667,62.58166667,7.378333333,10.49166667,10.855,45.9385,1.42235625,100.2423333,1.4258547,100058.6883,,
2020-05-18 23:00,16.433,51.144,3.89,5.436666667,5.65,43.69816667,1.422391383,86.73016667,1.425930183,100048.255,,
2020-05-19 0:00,16.98216667,39.136,5.7,7.388333333,7.693333333,48.24716667,1.422347,80.36066667,1.425982017,100051.85,,
2020-05-19 1:00,17.326,30.62766667,1.908333333,2.728333333,2.83,51.87866667,1.422304533,71.01683333,1.426045467,100033.21,,
2020-05-19 2:00,17.347,26.27666667,1.268333333,1.906666667,1.996666667,51.43816667,1.422314433,80.48716667,1.425991317,100020.16,,
2020-05-19 3:00,17.032,24.2465,0.746666667,1.226666667,1.313333333,50.90333333,1.422300967,88.11283333,1.425938467,100035.5917,,
2020-05-19 4:00,16.63766667,24.27683333,0.891666667,1.365,1.468333333,51.05566667,1.4222686,87.97,1.425928533,100050.7967,,
2020-05-19 5:00,16.27966667,27.4385,1.17,1.71,1.816666667,49.327,1.422274217,90.01016667,1.425906983,100108.485,,
2020-05-19 6:00,15.9145,30.63016667,1.425,2.09,2.206666667,48.756,1.422257583,90.6825,1.425893083,100182.0333,,
2020-05-19 7:00,15.7405,32.382,1.321666667,2.008333333,2.093333333,47.18983333,1.4222741,88.16066667,1.425902933,100255.1283,,
2020-05-19 8:00,15.5315,33.00333333,1.233333333,1.905,1.998333333,45.479,1.422290517,83.185,1.425925883,100296.11,,
2020-05-19 9:00,16.31016667,33.084,1.261666667,1.943333333,2.051666667,44.9335,1.422359033,80.66766667,1.425961817,100336.7983,,
2020-05-19 10:00,18.84416667,30.9555,1.186666667,1.886666667,2.003333333,45.79333333,1.422530667,87.79116667,1.425989017,100335.1683,,
2020-05-19 11:00,20.74866667,28.87733333,1.3,1.963333333,2.08,47.31633333,1.42264155,94.15283333,1.426002367,100352.9183,,
2020-05-19 12:00,19.68283333,29.26383333,1.428333333,2.106666667,2.2,49.35766667,1.422524833,93.4945,1.425978067,100366.1633,,
2020-05-19 13:00,19.672,30.86483333,1.428333333,2.116666667,2.245,48.2575,1.422544783,89.4395,1.426001367,100357.9683,,
2020-05-19 14:00,18.88166667,34.1885,1.988333333,2.808333333,2.923333333,48.1185,1.422489567,85.101,1.426005617,100351.795,,
2020-05-19 15:00,18.98716667,35.07966667,2.196666667,3.136666667,3.276666667,47.61416667,1.422506883,83.87833333,1.4260156,100323.7633,,
2020-05-19 16:00,20.519,33.23166667,2.376666667,3.321666667,3.461666667,48.65566667,1.422599317,82.77116667,1.4260628,100297.5283,,
2020-05-19 17:00,22.042,30.35133333,2.191666667,3.125,3.231666667,49.42016667,1.4226978,86.70566667,1.426081417,100277.3017,,
2020-05-19 18:00,20.632,31.7215,2.4,3.411666667,3.521666667,49.86633333,1.422584567,90.8385,1.426018683,100264.7233,,
2020-05-19 19:00,20.085,32.38183333,2.666666667,3.678333333,3.84,49.37133333,1.422553917,85.653,1.426034383,100274.6583,,
2020-05-19 20:00,19.8585,33.4385,2.971666667,4.105,4.258333333,48.8515,1.422547283,79.636,1.426063483,100321.8183,,
2020-05-19 21:00,19.191,35.09016667,3.255,4.5,4.728333333,48.4305,1.4225063,78.3535,1.42605315,100387.1583,,
2020-05-19 22:00,18.6495,35.996,3.23,4.406666667,4.595,48.60083333,1.42246355,76.01266667,1.42605225,100425.5183,,
2020-05-19 23:00,18.33816667,36.36,3.01,4.191666667,4.36,47.61133333,1.422459233,72.199,1.426065967,100440.135,,
2020-05-20 0:00,17.84616667,37.261,2.923333333,4.011666667,4.181666667,48.41616667,1.422408117,69.892,1.4260661,100439.5683,,
2020-05-20 1:00,17.292,37.625,2.936666667,4.063333333,4.243333333,47.85366667,1.422377567,66.81433333,1.42606885,100427.07,,
2020-05-20 2:00,16.8615,38.07616667,2.715,3.715,3.875,46.79266667,1.42236535,63.173,1.426078067,100436.7567,,
2020-05-20 3:00,15.503,41.39866667,3.47,4.711666667,4.893333333,45.79133333,1.422282433,56.50616667,1.426078917,100472.37,,
2020-05-20 4:00,13.902,45.71066667,3.791666667,5.176666667,5.37,43.54333333,1.422204783,60.93,1.426009183,100525.645,,
2020-05-20 5:00,12.70383333,49.5315,3.551666667,4.966666667,5.165,38.94366667,1.4222008,58.58483333,1.425989533,100617.9133,,
2020-05-20 6:00,13.48683333,48.19233333,3.978333333,5.571666667,5.803333333,35.28083333,1.422327967,67.7135,1.425958717,100689.9867,,
2020-05-20 7:00,18.1595,38.1015,3.458333333,4.833333333,5.028333333,40.473,1.422580133,74.75333333,1.42604625,100732.5083,,
2020-05-20 8:00,22.834,29.74316667,2.871666667,3.971666667,4.183333333,48.30633333,1.422785217,62.44366667,1.426250883,100779.0433,,
2020-05-20 9:00,25.3625,25.27733333,2.28,3.178333333,3.338333333,49.202,1.4229756,96.6585,1.426131483,100795.9067,,
2020-05-20 10:00,25.09,24.703,2.066666667,2.918333333,3.046666667,49.68283333,1.422943683,105.5735,1.426069683,100803.1683,,
2020-05-20 11:00,24.6515,25.9,2.175,3.111666667,3.261666667,50.85016667,1.422884933,98.55883333,1.426096867,100806.5817,,
2020-05-20 12:00,22.918,29.02433333,2.095,2.945,3.061666667,49.65866667,1.422764433,93.074,1.426072133,100799.0383,,
2020-05-20 13:00,22.645,28.17966667,1.818333333,2.676666667,2.793333333,49.281,1.422749067,86.37266667,1.426102583,100779.4983,,
2020-05-20 14:00,23.40533333,26.19283333,1.543333333,2.251666667,2.368333333,49.69683333,1.422804017,85.53883333,1.426132717,100735.0183,,
2020-05-20 15:00,23.95216667,25.37766667,1.531666667,2.236666667,2.326666667,50.44716667,1.422834917,89.44516667,1.4261277,100669.62,,
2020-05-20 16:00,24.606,24.47833333,1.5,2.178333333,2.285,50.69533333,1.422884283,92.70716667,1.426130033,100600.885,,
2020-05-20 17:00,24.57233333,23.9485,1.231666667,1.845,1.943333333,50.81083333,1.4228792,86.43883333,1.426166017,100544.6233,,
2020-05-20 18:00,22.54316667,25.72083333,1.193333333,1.735,1.825,51.4565,1.422700283,77.61816667,1.426151483,100502.325,,
2020-05-20 19:00,20.91533333,27.42083333,1.348333333,1.996666667,2.098333333,50.923,1.422585117,72.62966667,1.4261327,100501.8017,,
2020-05-20 20:00,19.75983333,29.36866667,1.933333333,2.678333333,2.795,50.36866667,1.4225113,66.33633333,1.426138367,100518.6117,,
2020-05-20 21:00,18.58216667,31.09216667,1.845,2.653333333,2.815,48.31283333,1.422463967,64.90266667,1.426114967,100534.6417,,
2020-05-20 22:00,17.86033333,32.81383333,2.386666667,3.466666667,3.646666667,47.377,1.4224288,62.69083333,1.426108383,100521.5167,,
2020-05-20 23:00,17.16683333,34.59033333,2.915,4.045,4.205,46.84966667,1.422387133,62.43666667,1.426090733,100512.3983,,
2020-05-21 0:00,15.5335,36.9835,2.29,3.228333333,3.38,44.71066667,1.422304983,58.8825,1.426066117,100542.3883,,
2020-05-21 1:00,14.39633333,38.5145,2.13,2.94,3.093333333,38.07083333,1.422344117,50.58366667,1.4260825,100560.1633,,
2020-05-21 2:00,12.90483333,42.977,2.973333333,4.135,4.281666667,33.64816667,1.4223174,47.1215,1.42606275,100570.685,,
2020-05-21 3:00,11.8145,46.48716667,3.641666667,5.073333333,5.32,34.76833333,1.422240433,61.24833333,1.425968667,100564.8083,,
2020-05-21 4:00,10.81366667,49.4435,3.77,5.306666667,5.583333333,33.46516667,1.422231633,60.90783333,1.42597105,100555.83,,
2020-05-21 5:00,9.976166667,50.87716667,8.455,10.66166667,11.13333333,40.37616667,1.422075817,77.848,1.425874583,100565.23,,
2020-05-21 6:00,11.07633333,50.59616667,8.433333333,10.69166667,11.10833333,36.34633333,1.4221932,86.2155,1.425830283,100586.745,,
2020-05-21 7:00,16.93183333,38.0115,3.943333333,5.415,5.615,32.56283333,1.422637483,68.22616667,1.426050683,100590.8583,,
2020-05-21 8:00,21.87166667,28.61033333,3.026666667,4.203333333,4.386666667,40.40833333,1.422859967,55.34283333,1.426263167,100585.1,,
2020-05-21 9:00,25.12016667,21.13633333,1.505,2.163333333,2.303333333,52.85483333,1.42288505,78.65583333,1.426230167,100564.36,,
2020-05-21 10:00,26.19116667,18.887,1.11,1.655,1.748333333,56.02733333,1.42291225,102.5228333,1.426123917,100548.1583,,
2020-05-21 11:00,25.83916667,19.67966667,0.965,1.455,1.536666667,56.33,1.422877417,99.26216667,1.426131683,100524.075,,
2020-05-21 12:00,24.286,21.62516667,1.193333333,1.798333333,1.918333333,55.18383333,1.422771433,92.83283333,1.426118717,100499.1033,,
2020-05-21 13:00,24.49283333,20.03866667,1.055,1.626666667,1.698333333,55.09133333,1.422790417,84.22833333,1.42617655,100428.61,,
2020-05-21 14:00,25.42016667,19.52766667,0.821666667,1.278333333,1.348333333,55.29216667,1.422862833,85.6455,1.426198817,100370.4867,,
2020-05-21 15:00,26.60983333,17.26016667,0.688333333,1.061666667,1.16,56.11116667,1.422945433,87.32616667,1.426228367,100297.34,,
2020-05-21 16:00,28.03416667,15.90783333,0.598333333,0.97,1.03,56.783,1.423069133,95.19466667,1.426241817,100174.3317,,
2020-05-21 17:00,28.56483333,14.90333333,0.328333333,0.673333333,0.71,57.20816667,1.423115917,95.395,1.4262658,100107.03,,
2020-05-21 18:00,25.45233333,16.80733333,0.625,0.933333333,0.991666667,56.887,1.42283695,77.02716667,1.426252417,100042.805,,
2020-05-21 19:00,22.08766667,19.83033333,1.475,2.113333333,2.256666667,55.3875,1.422589283,66.76416667,1.4262011,100037.13,,
2020-05-21 20:00,19.31533333,17.75216667,1.48,2.113333333,2.2,55.2275,1.422386917,58.369,1.426172683,100050.785,,
2020-05-21 21:00,17.2125,17.70966667,1.435,2.108333333,2.23,55.28166667,1.42223205,62.92816667,1.426089133,100070.775,,
2020-05-21 22:00,15.88366667,22.2995,2.625,3.788333333,4.01,50.862,1.422215883,58.54266667,1.4260777,100092.2167,,
2020-05-21 23:00,14.75933333,27.915,3.356666667,4.711666667,4.915,42.99633333,1.422279183,61.04133333,1.426032367,100092.4333,,
2020-05-22 0:00,13.9865,31.172,4.295,5.883333333,6.146666667,39.92233333,1.422278633,62.45066667,1.426002733,100089.4867,,
2020-05-22 1:00,13.62233333,34.77116667,5.306666667,7.408333333,7.761666667,31.54983333,1.4224078,56.0565,1.426029417,100079.9933,,
2020-05-22 2:00,13.22466667,37.64433333,5.163333333,7.135,7.461666667,24.81916667,1.422503633,49.074,1.426058517,100049.8433,,
2020-05-22 3:00,12.79016667,38.89466667,5.486666667,7.461666667,7.8,23.79083333,1.422489933,46.9885,1.426058517,100024.715,,
2020-05-22 4:00,12.4015,40.896,5.933333333,7.893333333,8.183333333,24.3865,1.42245345,46.286,1.42605435,99999.455,,
2020-05-22 5:00,12.18333333,41.34833333,6.358333333,8.605,8.993333333,25.56233333,1.4224241,49.23716667,1.426037467,99989.38167,,
2020-05-22 6:00,13.42066667,42.05883333,15.10666667,23.07,25.24666667,26.49316667,1.422491133,67.13483333,1.425962817,99969.10833,,
2020-05-22 7:00,20.43133333,28.28816667,7.801666667,11.04333333,11.59,28.30016667,1.422983017,64.39983333,1.426170817,99936.64833,,
2020-05-22 8:00,28.351,22.7465,2.645,3.616666667,3.808333333,48.95083333,1.423260983,64.81816667,1.4264434,99905.92667,,
2020-05-22 9:00,32.998,24.1135,3.303333333,4.433333333,4.668333333,55.6485,1.42361345,127.3203333,1.42629695,99900.615,,
2020-05-22 10:00,35.21883333,23.66083333,2.333333333,3.36,3.581666667,57.92583333,1.423816967,147.9698333,1.426310033,99854.905,,
2020-05-22 11:00,34.80116667,20.9395,3.563333333,4.971666667,5.205,60.5905,1.423717083,143.062,1.426313717,99801.92167,,
2020-05-22 12:00,33.69266667,22.00583333,3.51,4.86,5.123333333,63.334,1.42353835,130.9536667,1.426317483,99753.61833,,
2020-05-22 13:00,32.32433333,23.63983333,3.438333333,4.698333333,4.936666667,61.28983333,1.423426317,106.0283333,1.42638395,99717.64333,,
2020-05-22 14:00,31.74466667,24.16033333,2.901666667,3.953333333,4.155,61.00283333,1.423370017,93.9055,1.426425867,99674.305,,
2020-05-22 15:00,31.681,23.46133333,4.44,5.728333333,5.931666667,60.82733333,1.423366783,91.80233333,1.426435617,99616.06667,,
2020-05-22 16:00,31.84716667,24.10833333,2.156666667,3.006666667,3.133333333,59.04816667,1.423419433,90.94,1.42644935,99565.22833,,
2020-05-22 17:00,32.73966667,23.78066667,2.303333333,3.273333333,3.513333333,58.5305,1.423527183,91.928,1.426495433,99533.06667,,
2020-05-22 18:00,29.28983333,28.02316667,2.923333333,4.111666667,4.3,54.71716667,1.423239117,80.8045,1.426387833,99517.44167,,
2020-05-22 19:00,26.92733333,30.82466667,3.628333333,4.811666667,5.006666667,38.33816667,1.423318683,58.80483333,1.426410867,99511.15333,,
2020-05-22 20:00,25.0075,33.65833333,4.036666667,5.638333333,5.933333333,28.114,1.423352533,52.44666667,1.426382,99521.40667,,
2020-05-22 21:00,23.18866667,38.02416667,5.728333333,7.778333333,8.128333333,30.80766667,1.4231478,55.27916667,1.426303833,99537.03667,,
2020-05-22 22:00,21.6715,42.376,5.938333333,8.191666667,8.618333333,31.80016667,1.423005517,56.996,1.426245167,99573.83333,,
2020-05-22 23:00,20.04383333,46.73016667,7.851666667,10.675,11.14666667,32.38333333,1.422872933,66.89316667,1.426142767,99583.48167,,
2020-05-23 0:00,19.17866667,48.97483333,7.906666667,10.57833333,11.07166667,33.82183333,1.422781517,70.06,1.42610105,99583.96833,,
2020-05-23 1:00,18.284,51.5725,7.661666667,10.63,11.09,32.473,1.422740617,69.06966667,1.426082717,99577.80333,,
2020-05-23 2:00,17.68733333,53.19233333,8.865,12.2,12.7,32.64683333,1.422693167,70.26216667,1.4260597,99577.745,,
2020-05-23 3:00,17.183,54.26983333,9.361666667,12.88,13.44333333,34.10516667,1.422627767,75.30616667,1.426016733,99571.915,,
2020-05-23 4:00,16.9925,56.07183333,10.07666667,13.83833333,14.35,34.28466667,1.4226101,75.4115,1.426010917,99560.91,,
2020-05-23 5:00,16.95366667,56.44416667,10.44333333,14.35833333,14.89833333,33.64266667,1.422619183,73.6065,1.4260202,99583.415,,
2020-05-23 6:00,17.719,56.86966667,8.051666667,11.105,11.525,36.12516667,1.422629683,79.8425,1.42600485,99620.98667,,
2020-05-23 7:00,23.78433333,44.02283333,5.946666667,8.186666667,8.525,31.6375,1.423184683,68.8615,1.426245583,99612.52667,,
2020-05-23 8:00,29.97816667,33.07183333,3.695,4.991666667,5.191666667,31.8185,1.423758833,59.9135,1.426546867,99607.74167,,
2020-05-23 9:00,32.93333333,28.9015,6.048333333,7.503333333,7.861666667,53.0645,1.42365635,69.0935,1.426645667,99647.71,,
2020-05-23 10:00,34.17783333,27.66066667,6.366666667,8.478333333,8.823333333,60.98516667,1.4236395,123.0278333,1.426396733,99711.07833,,
2020-05-23 11:00,34.80966667,26.47616667,6.083333333,8.096666667,8.383333333,61.71183333,1.423695833,133.8906667,1.426370433,99776.14167,,
2020-05-23 12:00,35.38816667,25.33316667,4.213333333,5.663333333,5.95,66.98133333,1.423655583,136.4706667,1.42639115,99768.30167,,
2020-05-23 13:00,33.635,27.73116667,4.101666667,5.478333333,5.693333333,64.735,1.423504067,120.9415,1.426374967,99759.44167,,
2020-05-23 14:00,33.28283333,31.76666667,4.89,6.25,6.491666667,52.84933333,1.4237001,104.885,1.42645035,99733.24167,,
2020-05-23 15:00,33.44783333,31.61283333,5.62,7.903333333,8.303333333,48.92783333,1.423796283,92.5795,1.426535917,99703.335,,
2020-05-23 16:00,33.51066667,32.118,2.775,3.795,3.991666667,41.4485,1.423951383,88.1095,1.42656715,99655.05167,,
2020-05-23 17:00,32.85366667,33.087,2.696666667,3.458333333,3.596666667,39.73183333,1.423910867,88.8785,1.42652035,99666.475,,
2020-05-23 18:00,30.20166667,36.98866667,2.188333333,2.983333333,3.158333333,30.26083333,1.42381285,72.479,1.426481767,99672.26667,,
2020-05-23 19:00,27.65733333,39.34666667,2.316666667,3.115,3.305,28.70283333,1.4235765,60.68916667,1.426430667,99659.84167,,
2020-05-23 20:00,26.09566667,44.25983333,2.781666667,3.908333333,4.116666667,31.61433333,1.42337645,68.55083333,1.4263229,99687.265,,
2020-05-23 21:00,24.467,48.29433333,4.501666667,6.315,6.64,34.92333333,1.423176083,84.0775,1.426176617,99729.355,,
2020-05-23 22:00,23.00783333,52.35583333,9.798333333,13.51833333,13.98,35.38,1.423045267,87.59316667,1.426107467,99776.85667,,
2020-05-23 23:00,21.9045,55.76316667,19.31166667,27.52666667,28.91666667,37.24866667,1.422918967,95.81733333,1.426023733,99797.49167,,
2020-05-24 0:00,21.35516667,56.91366667,16.45666667,22.55833333,23.455,38.03383333,1.422862733,94.09616667,1.426018683,99791.675,,
2020-05-24 1:00,21.35383333,53.1075,12.465,16.84333333,17.395,37.97533333,1.42286375,90.87816667,1.426037567,99798.815,,
2020-05-24 2:00,21.34333333,46.50016667,4.201666667,5.713333333,5.895,41.65816667,1.422792833,80.47533333,1.4260982,99802.12667,,
2020-05-24 3:00,21.59166667,43.70833333,3.091666667,4.2,4.373333333,43.56266667,1.422774767,77.09333333,1.426124667,99805.52667,,
2020-05-24 4:00,20.775,45.72583333,4.021666667,5.388333333,5.626666667,42.5635,1.422733717,79.466,1.42608895,99796.96667,,
2020-05-24 5:00,19.09183333,44.2765,4.345,5.673333333,5.901666667,42.34166667,1.422614133,74.4745,1.426072967,99822.80167,,
2020-05-24 6:00,18.41866667,43.24,3.615,4.81,4.988333333,39.98516667,1.422608983,75.859,1.426046983,99868.20667,,
2020-05-24 7:00,20.12916667,41.41,3.755,4.986666667,5.14,38.58483333,1.422762333,81.02533333,1.42606295,99892.10167,,
2020-05-24 8:00,24.76566667,37.82283333,5.265,6.906666667,7.15,36.55783333,1.423169667,73.62116667,1.426248383,99863.60333,,
2020-05-24 9:00,28.9325,36.8685,6.68,8.841666667,9.038333333,37.82566667,1.423531967,64.89466667,1.4264666,99850.26833,,
2020-05-24 10:00,32.24533333,37.41716667,6.423333333,8.58,8.801666667,42.96733333,1.423780667,66.329,1.426623167,99803.47833,,
2020-05-24 11:00,33.91116667,37.34916667,4,5.195,5.336666667,40.04166667,1.424024683,74.84866667,1.426673717,99770.63833,,
2020-05-24 12:00,34.09033333,36.873,3.79,4.931666667,5.056666667,43.938,1.423967683,78.74483333,1.426661567,99732.62,,
2020-05-24 13:00,32.4895,38.221,5.971666667,7.778333333,7.953333333,43.69683333,1.4237932,81.5345,1.426545317,99691.17167,,
2020-05-24 14:00,31.1255,40.4605,5.683333333,7.351666667,7.511666667,31.4135,1.42388755,76.83183333,1.42649975,99676.01333,,
2020-05-24 15:00,31.116,40.26433333,4.668333333,6.08,6.215,29.301,1.42392805,75.43033333,1.4265078,99625.12,,
2020-05-24 16:00,30.2495,40.03466667,4.396666667,5.808333333,5.92,32.70166667,1.4237702,74.01283333,1.42647485,99550.775,,
2020-05-24 17:00,29.087,40.447,3.713333333,4.961666667,5.091666667,31.859,1.423664667,68.486,1.426452283,99492.36333,,
2020-05-24 18:00,26.63633333,43.93266667,3.96,5.206666667,5.386666667,35.23683333,1.423356833,73.308,1.426316217,99428.585,,
2020-05-24 19:00,24.6435,46.98133333,3.343333333,4.446666667,4.563333333,37.85566667,1.4231345,82.2915,1.42619295,99403.055,,
2020-05-24 20:00,22.8555,49.66833333,3.335,4.378333333,4.508333333,40.46316667,1.422935283,89.81733333,1.42608935,99369.43333,,
2020-05-24 21:00,21.07083333,52.66066667,4.303333333,5.805,5.998333333,42.55066667,1.4227559,94.892,1.426006567,99389.94333,,
2020-05-24 22:00,20.6815,54.789,5.696666667,7.62,7.886666667,40.96683333,1.422757317,101.6636667,1.42595675,99388.85167,,
2020-05-24 23:00,21.1185,55.05016667,6.97,9.356666667,9.625,41.04116667,1.4227881,99.90383333,1.425978433,99380.465,,
2020-05-25 0:00,21.471,62.66816667,6.998333333,9.696666667,9.986666667,39.06033333,1.422851817,103.794,1.42596495,99372.73667,,29.77903833
2020-05-25 1:00,21.00816667,69.58966667,10.225,14.46666667,14.97,41.64016667,1.422768533,109.7695,1.425917867,99404.885,,
2020-05-25 2:00,21.11066667,71.76766667,14.34833333,20.60166667,21.215,43.32366667,1.422744067,114.427,1.425893217,99436.765,,
2020-05-25 3:00,20.99916667,69.84483333,14.725,21.08833333,21.7,44.8635,1.422706467,117.2931667,1.425873533,99455.57667,,
2020-05-25 4:00,20.53466667,71.95666667,14.68333333,20.82666667,21.39333333,41.06083333,1.42274465,111.61,1.425894717,99468.49,,
2020-05-25 5:00,21.35333333,71.37183333,13.94166667,19.655,20.27,42.76733333,1.422772617,108.7345,1.425933,99522.24833,,
2020-05-25 6:00,22.4725,69.72883333,13.34,19.07833333,19.615,40.24133333,1.4229084,112.6765,1.42594275,99558.14167,,
2020-05-25 7:00,26.34333333,59.986,12.045,16.93166667,17.385,35.1285,1.4233349,107.4066667,1.426103617,99572.67667,,
2020-05-25 8:00,31.8505,46.85616667,10.39833333,14.42166667,14.85,33.93866667,1.423919483,106.1013333,1.426367083,99590.465,,
2020-05-25 9:00,36.17266667,37.6325,9.435,13.85333333,14.915,51.58466667,1.424050333,96.34366667,1.426687483,99626.68,,
2020-05-25 10:00,38.35516667,33.97766667,6.631666667,9.185,9.681666667,59.6295,1.42413485,135.287,1.426585817,99648.36167,,
2020-05-25 11:00,40.23033333,30.18233333,4.986666667,6.416666667,6.576666667,62.62016667,1.424284617,179.3643333,1.426430183,99684.00333,,
2020-05-25 12:00,40.3805,29.48366667,8.281666667,10.03333333,10.19,67.30683333,1.424206633,193.3785,1.426352433,99679.41,,
2020-05-25 13:00,37.531,35.044,10.33833333,13.60166667,13.89166667,70.73166667,1.423819767,164.3158333,1.4263545,99667.5,,
2020-05-25 14:00,35.68616667,37.57883333,10.10333333,13.49666667,13.76666667,69.29066667,1.423642883,123.7748333,1.426487933,99647.15833,,
2020-05-25 15:00,36.35006536,36.22039216,8.370588235,11.22941176,11.48954248,69.10326797,1.42372068,103.4224837,1.426655157,99643.89346,,
2020-05-25 16:00,34.283,40.05216667,8.821666667,12.01666667,12.32833333,55.75516667,1.423755583,93.3515,1.426585133,99616.83833,,
2020-05-25 17:00,37.37166667,34.47033333,8.116666667,10.95333333,11.22833333,70.25133333,1.423811533,102.2365,1.426727667,99583.59167,,
2020-05-25 18:00,35.09966667,36.78333333,7.243333333,9.81,10.07166667,69.03166667,1.423582217,126.6181667,1.426433183,99591.02333,,
2020-05-25 19:00,32.23983333,39.74983333,7.911666667,10.80666667,11.09666667,58.46133333,1.423473933,96.03216667,1.42644155,99589.66167,,
2020-05-25 20:00,29.15433333,45.11083333,10.84,14.895,15.23166667,43.47616667,1.423444683,85.15266667,1.4263554,99629.43333,,
2020-05-25 21:00,26.4745,50.93283333,13.76333333,19.585,20.115,41.11416667,1.423225517,92.30233333,1.426194917,99688.24833,,
2020-05-25 22:00,25.011,54.59816667,15.62333333,22.72666667,23.42,41.759,1.423089817,96.39183333,1.426121533,99744.78333,,
2020-05-25 23:00,23.93916667,55.4535,14.02833333,20.52,21.18833333,44.93733333,1.422939633,95.64933333,1.426090633,99782.50167,,
2020-05-26 0:00,23.046,58.12833333,16.75833333,25.13666667,26.05666667,42.61583333,1.4229098,99.66366667,1.426037533,99810.82667,,
2020-05-26 1:00,22.389,60.41566667,18.91833333,29.13,31.14333333,41.64616667,1.4228737,96.70483333,1.42603335,99827.32167,,
2020-05-26 2:00,21.96483333,61.214,19.57,30.03666667,32.24833333,41.65066667,1.42283925,101.493,1.4259919,99812.51333,,
2020-05-26 3:00,21.64683333,62.12666667,19.36333333,29.765,31.885,43.0025,1.4227898,101.728,1.42598175,99810.855,,
2020-05-26 4:00,21.63183333,63.16016667,20.26166667,30.88166667,33.495,41.5795,1.422815633,105.2351667,1.425960717,99828.31,,
2020-05-26 5:00,21.66166667,63.31133333,22.66,35.16,40.33333333,44.14033333,1.422769067,109.6016667,1.4259358,99871.68,,
2020-05-26 6:00,22.1495,62.96766667,22.83,35.76166667,41.35833333,42.27083333,1.42284385,111.9401667,1.425937283,99932.01,,
2020-05-26 7:00,26.34866667,52.70183333,19.54833333,30.14,32.54,40.269,1.4232368,97.3355,1.426164533,99947.695,,
2020-05-26 8:00,31.04016667,43.26333333,15.84166667,23.42833333,24.275,39.9755,1.423711817,87.50966667,1.426434417,99952.42667,,
2020-05-26 9:00,34.888,37.7475,11.95833333,16.87666667,17.34833333,59.11733333,1.423756017,89.2885,1.426648317,99937.2,,
2020-05-26 10:00,36.60983333,36.03133333,9.996666667,13.62333333,14.00166667,61.849,1.4238945,116.3773333,1.426591833,99918.88833,,
2020-05-26 11:00,39.38983333,31.20916667,8.513333333,11.33333333,11.595,67.472,1.424092767,163.6516667,1.426475417,99920.11167,,
2020-05-26 12:00,39.28166667,31.64916667,8.206666667,10.73166667,11.015,69.20983333,1.424045583,178.0806667,1.42637905,99896.53833,,
2020-05-26 13:00,38.825,32.4045,8.898333333,11.64,11.90166667,69.03233333,1.423998233,157.481,1.426478283,99875.22667,,
2020-05-26 14:00,39.10583333,31.20166667,8.636666667,11.39666667,11.65666667,67.631,1.424057817,156.7293333,1.426500567,99828.94833,,
2020-05-26 15:00,39.88266667,28.41866667,6.64,8.733333333,8.9,70.1,1.4240947,158.785,1.4265366,99777.08167,,
2020-05-26 16:00,40.03416667,27.92066667,6.51,8.786666667,9.025,71.38316667,1.42408555,160.2993333,1.4265366,99723.04,,
2020-05-26 17:00,39.843,27.68616667,6.495,8.61,8.801666667,69.85633333,1.424095067,150.484,1.426585633,99663.03167,,
2020-05-26 18:00,37.01466667,32.16516667,8.106666667,10.79833333,11.015,75.146,1.423673917,149.288,1.426414883,99670.89833,,
2020-05-26 19:00,31.88866667,40.63783333,10.80833333,14.53166667,14.91666667,56.13833333,1.423483733,105.5001667,1.426369,99706.75167,,
2020-05-26 20:00,28.75633333,45.9695,21.61,28.3,29.11666667,42.75866667,1.423417383,84.09416667,1.426342783,99738.80833,,
2020-05-26 21:00,27.03766667,50.47633333,12.83833333,17.34166667,17.76833333,42.44866667,1.4232491,89.72066667,1.426230583,99786.01333,,
2020-05-26 22:00,25.67627119,53.73830508,12.38305085,17.2779661,17.77288136,40.10847458,1.423177271,86.54881356,1.426201915,99842.24407,,
2020-05-26 23:00,24.9595,55.565,13.805,19.37666667,19.89833333,40.892,1.423102283,87.51716667,1.426172467,99856.295,,
2020-05-27 0:00,24.3735,57.32383333,13.12833333,18.51333333,19.03,41.7655,1.423036767,92.03083333,1.42612635,99861.07667,,
2020-05-27 1:00,24.097,58.93533333,14.40333333,20.39666667,20.96166667,42.13583333,1.423006467,96.776,1.426089133,99847.55333,,
2020-05-27 2:00,23.73916667,59.81783333,15.355,21.58666667,22.20833333,40.77633333,1.423002783,100.6158333,1.426054717,99849.77333,,
2020-05-27 3:00,23.30633333,60.76283333,16.255,22.895,23.475,41.31233333,1.42295645,103.403,1.426024117,99839.54,,
2020-05-27 4:00,23.13,61.318,17.61166667,25.11166667,25.905,38.218,1.42300105,103.6053333,1.426017133,99835.60833,,
2020-05-27 5:00,22.9335,62.03966667,19.095,27.495,28.39333333,35.87133333,1.423029483,106.8351667,1.425991683,99839.90667,,
2020-05-27 6:00,23.75683333,62.14916667,19.46833333,28.115,29.29666667,34.95516667,1.423116067,106.0456667,1.426023333,99881.50333,,
2020-05-27 7:00,28.8525,51.0045,15.895,22.58333333,23.21166667,34.2435,1.423596567,95.9965,1.426278083,99879.16333,,
2020-05-27 8:00,34.35716667,34.8015,8.098333333,10.86333333,11.19333333,46.96133333,1.4239371,74.911,1.426702367,99866.72667,,
2020-05-27 9:00,36.66283333,28.71833333,5.951666667,7.981666667,8.183333333,64.644,1.423844667,122.6878333,1.426556417,99842.325,,
2020-05-27 10:00,37.403,29.51283333,6.428333333,8.546666667,8.811666667,63.65283333,1.4239474,151.0808333,1.426428417,99829.75667,,
2020-05-27 11:00,36.89833333,30.64733333,6.796666667,8.956666667,9.178333333,64.70233333,1.423869917,143.9443333,1.4264406,99825.45667,,
2020-05-27 12:00,36.89116667,30.36166667,5.855,7.726666667,7.883333333,64.35116667,1.423876267,134.8291667,1.42649635,99812.81167,,
2020-05-27 13:00,35.53666667,32.6705,6.031666667,7.985,8.165,63.29233333,1.423745667,125.247,1.42646935,99808.30333,,
2020-05-27 14:00,35.5675,32.66683333,6.26,8.268333333,8.465,64.78166667,1.423719367,114.1486667,1.426539417,99773.43,,
2020-05-27 15:00,37.357,30.24316667,5.635,7.293333333,7.473333333,62.91116667,1.423957117,115.1613333,1.426647033,99719.16,,
2020-05-27 16:00,36.14166667,29.9485,4.761666667,6.351666667,6.513333333,65.164,1.423775933,133.6506667,1.426456067,99684.99167,,
2020-05-27 17:00,36.09083333,27.91916667,3.218333333,4.29,4.408333333,62.96983333,1.4238142,111.0865,1.426591517,99627.01,,
2020-05-27 18:00,34.494,29.4115,3.448333333,4.753333333,4.908333333,65.73416667,1.423580533,123.704,1.426412617,99578.24,,
2020-05-27 19:00,31.0835,38.01616667,7.763333333,10.32333333,10.57333333,57.63466667,1.423367767,94.7625,1.426389517,99599.015,,
2020-05-27 20:00,28.17016667,43.36933333,9.581666667,12.84333333,13.17,42.52283333,1.423360967,82.0095,1.4263274,99626.73833,,
2020-05-27 21:00,25.995,48.02583333,11.38333333,15.68,16.075,46.40833333,1.423081983,90.35216667,1.426189817,99666.83333,,
2020-05-27 22:00,24.93716667,49.735,10.3,14.33833333,14.70833333,46.43633333,1.422993667,92.73033333,1.426140767,99687.64333,,
2020-05-27 23:00,24.3305,51.592,11.595,16.20833333,16.61333333,48.20366667,1.422909467,95.07183333,1.426107,99678.76667,,
2020-05-28 0:00,23.8345,52.91466667,10.32833333,14.55833333,15.00833333,47.51083333,1.422881533,96.20616667,1.426084,99672.22167,,
2020-05-28 1:00,23.93483333,52.90616667,7.215,9.916666667,10.235,42.97033333,1.422976933,88.986,1.426129817,99673.615,,
2020-05-28 2:00,24.579,51.74866667,3.781666667,5.133333333,5.281666667,35.42516667,1.4231758,85.40533333,1.426172417,99639.29333,,
2020-05-28 3:00,24.63866667,51.83433333,3.22,4.34,4.446666667,36.336,1.423163233,87.824,1.42616,99625.605,,
2020-05-28 4:00,24.2765,52.81183333,3.248333333,4.533333333,4.685,35.23483333,1.42315415,93.99583333,1.426111567,99615.71167,,
2020-05-28 5:00,23.79733333,54.7895,4.91,6.736666667,6.985,36.811,1.423083767,99.1225,1.42606555,99625.50667,,
2020-05-28 6:00,23.763,55.79116667,7.311666667,10.22333333,10.52,37.42833333,1.423069083,100.0863333,1.426058633,99612.42333,,
2020-05-28 7:00,23.95683333,55.41433333,7.68,10.59833333,10.85333333,36.30816667,1.423106683,100.399,1.426063067,99591.11333,,
2020-05-28 8:00,24.17466667,54.862,5.89,7.958333333,8.181666667,37.27266667,1.423106383,98.04,1.42608425,99580.92833,,
2020-05-28 9:00,25.8945,51.20933333,3.841666667,5.333333333,5.548333333,34.508,1.423303617,89.20916667,1.426193433,99569.50833,,
2020-05-28 10:00,27.16483333,48.805,3.42,4.708333333,4.866666667,33.41766667,1.423434683,87.111,1.426250217,99517.00667,,
2020-05-28 11:00,29.8885,44.898,3.583333333,4.868333333,5.008333333,32.3335,1.4237395,85.2195,1.426390033,99442.54333,,
2020-05-28 12:00,32.0865,40.78333333,3.596666667,4.945,5.121666667,42.57416667,1.423768933,72.529,1.42657245,99363.345,,
2020-05-28 13:00,29.3585,47.578,4.476666667,6.068333333,6.268333333,46.6945,1.423403117,86.869,1.426355017,99348.74833,,
2020-05-28 14:00,25.3365,61.2715,7.408333333,10.53166667,10.84833333,38.12033333,1.4231873,107.9568333,1.426063617,99302.035,,
2020-05-28 15:00,23.98633333,66.0955,8.57,12.42333333,12.84666667,42.919,1.422982317,113.4445,1.42598705,99230.82833,,
2020-05-28 16:00,23.7455,68.57383333,9.543333333,13.95166667,14.33833333,42.49116667,1.42297045,113.4951667,1.42597885,99152.90333,,
2020-05-28 17:00,23.99433333,68.91016667,7.045,9.738333333,9.99,41.39933333,1.423012167,111.8311667,1.425996867,99119.39,,
2020-05-28 18:00,24.0935,69.31116667,5.34,7.1,7.291666667,40.87183333,1.423030467,112.7266667,1.42599475,99107.68333,,
2020-05-28 19:00,24.239,67.71866667,3.55,4.795,4.908333333,40.62916667,1.4230473,110.8658333,1.426010483,99119.53167,,
2020-05-28 20:00,23.817,67.71266667,4.65,6.308333333,6.488333333,41.57983333,1.422993833,117.0338333,1.42596035,99124.19833,,
2020-05-28 21:00,23.092,67.811,8.186666667,12.015,12.42666667,43.38083333,1.422899017,114.5991667,1.42595105,99148.35833,,
2020-05-28 22:00,22.6745,69.2385,12.575,18.01833333,18.80666667,45.5595,1.422822667,118.7151667,1.425913267,99143.49,,
2020-05-28 23:00,22.4485,69.13466667,7.261666667,10.73166667,11.06666667,43.32783333,1.4228465,119.0116667,1.425904167,99119.925,,
2020-05-29 0:00,22.0795,69.25533333,2.965,4.27,4.436666667,41.45683333,1.422851433,116.6548333,1.425906033,99082.94,,
2020-05-29 1:00,22.09583333,68.82466667,2.55,3.643333333,3.763333333,41.03516667,1.422861017,114.9125,1.42591685,99053.96333,,
2020-05-29 2:00,21.87,69.42233333,3.895,5.466666667,5.66,43.33233333,1.422799733,120.8416667,1.42587535,99011.075,,
2020-05-29 3:00,22.0155,69.10933333,3.886666667,5.326666667,5.556666667,42.037,1.422835333,116.8355,1.425902933,99011.77,,
2020-05-29 4:00,22.06066667,67.99616667,4.006666667,5.646666667,5.848333333,42.68966667,1.422826433,116.6351667,1.425905533,98988.21667,,
2020-05-29 5:00,22.09183333,67.03933333,4.52,6.453333333,6.71,44.27416667,1.422798767,116.7435,1.42590595,99007.965,,
2020-05-29 6:00,22.4855,65.917,5.471666667,7.843333333,8.071666667,43.96366667,1.422837533,121.1176667,1.425892933,99031.39,,
2020-05-29 7:00,25.61816667,57.11466667,4.186666667,5.821666667,5.958333333,39.584,1.423183083,108.8198333,1.426068167,99051.59,,
2020-05-29 8:00,28.33783333,49.64483333,11.695,21.70666667,24.505,44.32716667,1.423343183,105.5038333,1.426194483,99037.41833,,
2020-05-29 9:00,27.27383333,52.80716667,17.94833333,34.61833333,40.11333333,46.81416667,1.423184117,105.5511667,1.4261439,99017.66333,,
2020-05-29 10:00,29.2785,49.248,6.095,8.396666667,8.648333333,43.43083333,1.423458783,103.0153333,1.426253917,98964.015,,
2020-05-29 11:00,26.60366667,60.48166667,8.87,12.715,13.16666667,49.89416667,1.42307405,113.991,1.42607555,98960.11667,,
2020-05-29 12:00,25.21533333,65.10166667,10.28166667,14.70833333,15.165,41.98683333,1.4231025,122.3071667,1.42597445,98857.37833,,
2020-05-29 13:00,27.99433333,54.41966667,5.211666667,7.005,7.193333333,43.41133333,1.42332815,108.9633333,1.42615975,98751.06333,,
2020-05-29 14:00,28.27333333,51.95766667,5.221666667,6.898333333,7.08,50.052,1.423225033,105.2166667,1.426193067,98678.615,,
2020-05-29 15:00,29.66983333,47.87983333,5.825,7.541666667,7.733333333,51.77716667,1.423336167,97.534,1.42630555,98596.84333,,
2020-05-29 16:00,27.53,50.05866667,2.431666667,3.291666667,3.423333333,57.92183333,1.423005,92.17583333,1.42624305,98689.545,,
2020-05-29 17:00,23.7695,56.5285,0.565,0.84,0.885,44.46883333,1.422934367,100.8933333,1.426054117,98801.19167,,
2020-05-29 18:00,21.24816667,59.8865,1.43,2.006666667,2.051666667,41.21583333,1.422794383,106.9693333,1.42594055,98857.03167,,
2020-05-29 19:00,20.641,56.8255,2.261666667,2.953333333,3.046666667,42.044,1.422733767,103.6011667,1.42594425,98921.455,,
2020-05-29 20:00,19.9425,55.82166667,1.976666667,2.593333333,2.651666667,45.055,1.42262535,103.7333333,1.425925217,99039.46,,
2020-05-29 21:00,19.21466667,57.30166667,2.638333333,3.595,3.671666667,44.589,1.422580717,104.6148333,1.425901033,99133.805,,
2020-05-29 22:00,18.95516667,58.082,1.95,2.711666667,2.798333333,42.902,1.4225936,101.6348333,1.4259115,99204.12833,,
2020-05-29 23:00,18.69083333,57.63516667,1.486666667,2.073333333,2.141666667,41.82333333,1.422594333,102.697,1.425898367,99234.42167,,
2020-05-30 0:00,18.157,58.48633333,1.216666667,1.686666667,1.74,40.563,1.422578883,106.0278333,1.425865033,99274.175,,
2020-05-30 1:00,17.73966667,59.03533333,0.856666667,1.231666667,1.283333333,40.89233333,1.422541767,105.3548333,1.425857933,99321.65667,,
2020-05-30 2:00,16.851,61.72316667,0.938333333,1.31,1.38,41.155,1.42247045,107.4815,1.42582165,99361.34167,,
2020-05-30 3:00,16.45966667,63.11233333,2.166666667,2.838333333,2.92,39.82133333,1.4224661,108.0106667,1.425807967,99396.13167,,
2020-05-30 4:00,16.4805,62.24433333,2.028333333,2.623333333,2.701666667,39.39566667,1.4224757,106.4105,1.425817783,99420.99833,,
2020-05-30 5:00,16.2365,63.643,2.945,3.821666667,3.908333333,40.0325,1.422445433,109.6908333,1.425792233,99447.47333,,
2020-05-30 6:00,16.81166667,62.60933333,3.938333333,5.148333333,5.28,38.37116667,1.4225197,110.6435,1.425802383,99465.89167,,
2020-05-30 7:00,17.63783333,60.68266667,4.506666667,5.99,6.181666667,40.54633333,1.422540733,108.9148333,1.4258346,99472.55167,,
2020-05-30 8:00,20.819,53.69083333,4.19,5.541666667,5.688333333,37.71133333,1.422829533,104.5368333,1.425943817,99440.295,,
2020-05-30 9:00,23.4755,45.28733333,2.105,2.883333333,3.006666667,42.12166667,1.422954883,92.35483333,1.4260949,99393.48167,,
2020-05-30 10:00,24.63516667,42.3785,1.375,1.913333333,1.963333333,51.882,1.42286385,84.076,1.4261821,99342.61333,,
2020-05-30 11:00,23.3615,47.51533333,2.078333333,2.863333333,2.96,51.52466667,1.42276525,99.78366667,1.426047217,99302.41833,,
2020-05-30 12:00,25.46233333,42.12416667,2.95,3.938333333,4.038333333,47.76183333,1.42301155,81.66033333,1.4262239,99245.525,,
2020-05-30 13:00,24.55166667,41.10783333,2.85,3.756666667,3.86,45.39533333,1.4229817,93.62266667,1.426122817,99284.43,,
2020-05-30 14:00,25.85166667,37.17916667,2.023333333,2.676666667,2.761666667,43.93633333,1.423117917,97.80733333,1.426140767,99305.40667,,
2020-05-30 15:00,23.463,40.57333333,1.238333333,1.786666667,1.851666667,40.40783333,1.422986867,111.1051667,1.425983833,99423.73,,
2020-05-30 16:00,22.16083333,40.37816667,0.756666667,1.208333333,1.288333333,39.01833333,1.422907267,96.8075,1.426026683,99543.73,,
2020-05-30 17:00,22.4555,35.53133333,0.813333333,1.308333333,1.386666667,38.7685,1.42293455,89.36016667,1.426078967,99602.05333,,
2020-05-30 18:00,20.758,32.18966667,0.018333333,0.131666667,0.165,43.28533333,1.422719983,94.64933333,1.42600065,99647.71667,,
2020-05-30 19:00,18.0465,37.0705,0.02,0.123333333,0.14,42.855,1.422527467,98.563,1.425905333,99728.95667,,
2020-05-30 20:00,16.51316667,40.95333333,0.033333333,0.128333333,0.145,40.30916667,1.42246105,91.72666667,1.425903433,99805.53667,,
2020-05-30 21:00,15.20016667,44.83766667,1.035,1.198333333,1.228333333,39.514,1.422377333,84.42416667,1.425909633,99884.49333,,
2020-05-30 22:00,14.24316667,47.31733333,0.306666667,0.483333333,0.518333333,37.2605,1.422347783,77.108,1.425925567,99960.89667,,
2020-05-30 23:00,13.46833333,50.18766667,0.103333333,0.298333333,0.33,36.13883333,1.422310617,77.01,1.425904783,99984.435,,
2020-05-31 0:00,12.7415,52.2345,0.136666667,0.313333333,0.336666667,32.40433333,1.422326533,75.82816667,1.4258922,99992.82833,,
2020-05-31 1:00,11.9615,54.855,0.435,0.81,0.851666667,32.16616667,1.422293783,80.33833333,1.42585925,100006.3317,,
2020-05-31 2:00,11.29683333,56.8455,0.855,1.443333333,1.538333333,32.23883333,1.42227045,85.89683333,1.425827817,100019.4933,,
2020-05-31 3:00,10.925,57.12216667,1.15,1.705,1.785,34.58116667,1.4222146,85.149,1.42583225,100034.9067,,
2020-05-31 4:00,10.75233333,59.04283333,0.398333333,0.695,0.756666667,35.378,1.422194117,84.25566667,1.425837533,100071.495,,
2020-05-31 5:00,10.7535,58.408,1.201666667,1.553333333,1.601666667,36.54016667,1.422172617,85.212,1.42583205,100139.8683,,
2020-05-31 6:00,11.75416667,53.8475,0.103333333,0.158333333,0.201666667,37.14983333,1.422203383,85.6435,1.42583515,100203.7533,,
2020-05-31 7:00,16.884,41.3505,0,0,0.023333333,36.37866667,1.42256225,76.135,1.426003633,100236.1233,,
2020-05-31 8:00,21.1825,29.07266667,0,0.008333333,0.016666667,41.289,1.422788383,62.21,1.426201233,100284.0517,,
2020-05-31 9:00,23.187,23.06766667,0,0,0.01,43.979,1.422895483,95.4,1.426067283,100316.2367,,
2020-05-31 10:00,24.439,22.64433333,0,0,0.013333333,42.983,1.42301875,110.4625,1.426019433,100318.1967,,
2020-05-31 11:00,23.627,24.633,0,0.033333333,0.078333333,45.33533333,1.422906017,113.9668333,1.425972183,100333.5267,,
2020-05-31 12:00,23.9,24.019,0.031666667,0.128333333,0.161666667,44.86883333,1.422937633,108.2666667,1.42601485,100314.89,,
2020-05-31 13:00,22.83466667,24.34366667,0.931666667,1.083333333,1.096666667,44.849,1.422849467,104.6823333,1.426001033,100335.705,,
2020-05-31 14:00,23.195,23.5175,0.893333333,1.043333333,1.071666667,43.9325,1.422897017,99.7795,1.4260418,100306.64,,
2020-05-31 15:00,23.737,22.561,0.045,0.195,0.206666667,45.25416667,1.422916683,97.2255,1.426074617,100300.205,,
2020-05-31 16:00,24.02483333,21.7545,0.076666667,0.23,0.266666667,46.72033333,1.422912517,98.39633333,1.42607725,100252.2883,,
2020-05-31 17:00,21.21666667,25.672,0.313333333,0.543333333,0.578333333,46.18833333,1.422698367,95.7305,1.426006233,100245.6067,,
2020-05-31 18:00,19.31383333,30.41566667,0.291666667,0.593333333,0.618333333,42.79083333,1.422622017,88.25233333,1.42599885,100255.63,,
2020-05-31 19:00,18.7505,31.4675,0.491666667,0.82,0.868333333,44.84633333,1.422541683,78.63116667,1.426039733,100270.7533,,
2020-05-31 20:00,17.677,33.958,0.671666667,1.095,1.143333333,43.93183333,1.422479883,76.44383333,1.4260236,100269.6583,,
2020-05-31 21:00,16.7125,35.5535,0.796666667,1.241666667,1.315,43.4375,1.422417217,72.362,1.4260208,100287.1417,,
2020-05-31 22:00,16.19516667,36.8235,0.676666667,1.165,1.243333333,43.3175,1.422380733,68.66883333,1.426027933,100301.2417,,
2020-05-31 23:00,15.957,37.67616667,0.865,1.368333333,1.436666667,42.074,1.422386183,65.629,1.426038883,100281.8183,,
2020-06-01 0:00,15.68083333,38.36183333,0.936666667,1.4,1.483333333,41.31366667,1.422379833,62.86883333,1.426047217,100267.1317,,
2020-06-01 1:00,15.56883333,36.64816667,0.818333333,1.331666667,1.401666667,41.0175,1.422376917,58.86583333,1.4260672,100237.1083,,
2020-06-01 2:00,14.55266667,38.57166667,1.665,2.148333333,2.216666667,41.9425,1.422283433,63.45883333,1.4260126,100229.7067,,
2020-06-01 3:00,13.98233333,39.77216667,1.068333333,1.595,1.688333333,38.75166667,1.422300317,60.37616667,1.426014567,100215.9617,,
2020-06-01 4:00,13.75233333,40.026,1.295,1.903333333,2.033333333,36.22433333,1.422330267,57.99033333,1.426021933,100240.155,,
2020-06-01 5:00,13.47833333,42.684,1.118333333,1.7,1.811666667,35.4885,1.422323383,60.76683333,1.425998383,100305.8367,,
2020-06-01 6:00,12.89616667,46.5045,1.116666667,1.72,1.843333333,32.5645,1.422334233,65.14716667,1.4259571,100370.1933,,
2020-06-01 7:00,13.777,46.902,1.44,2.161666667,2.263333333,30.18333333,1.422445033,69.93033333,1.425953983,100378.9283,,
2020-06-01 8:00,20.13966667,36.126,0.836666667,1.31,1.391666667,31.282,1.422903233,60.23383333,1.426186567,100350.415,,
2020-06-01 9:00,25.36333333,28.93133333,0.948333333,1.453333333,1.608333333,44.85866667,1.42306145,59.68233333,1.426352133,100269.515,,
2020-06-01 10:00,29.28816667,22.6805,0.495,0.816666667,0.868333333,49.61533333,1.423338933,103.6786667,1.426250283,100238.725,,
2020-06-01 11:00,30.84133333,22.39816667,1.296666667,1.915,2.005,51.4585,1.4234641,133.5633333,1.426143317,100180.4617,,
2020-06-01 12:00,29.0875,24.75383333,2.878333333,4.266666667,4.483333333,51.35983333,1.423284033,130.8356667,1.426077617,100124.0933,,
2020-06-01 13:00,27.888,25.111,1.975,2.88,3.086666667,50.93866667,1.423167733,110.1696667,1.426145333,100025.635,,
2020-06-01 14:00,29.38566667,22.738,1.143333333,1.753333333,1.89,53.45016667,1.42327425,101.4156667,1.426268617,99910.02167,,
2020-06-01 15:00,31.69683333,19.93283333,0.928333333,1.406666667,1.49,55.39866667,1.423475683,112.3608333,1.426312317,99815.895,,
2020-06-01 16:00,32.60733333,18.85566667,1.205,1.7,1.793333333,56.19266667,1.4235581,119.7858333,1.426316817,99766.69833,,
2020-06-01 17:00,32.72216667,17.90983333,1.048333333,1.6,1.656666667,55.725,1.423580117,118.991,1.426329,99744.02167,,
2020-06-01 18:00,29.5475,20.01766667,1.351666667,2.026666667,2.125,53.5665,1.42328855,106.431,1.426245967,99715.48167,,
2020-06-01 19:00,26.085,23.11833333,1.346666667,1.986666667,2.083333333,49.90633333,1.423021917,84.147,1.426229683,99728.33667,,
2020-06-01 20:00,24.4555,25.00666667,1.505,2.156666667,2.246666667,50.23433333,1.4228806,74.2655,1.426234267,99730.315,,
2020-06-01 21:00,22.89233333,28.95783333,2.528333333,3.488333333,3.638333333,48.559,1.422783233,76.35466667,1.42616975,99737.23333,,
2020-06-01 22:00,20.80666667,32.732,3.426666667,4.706666667,4.885,42.45283333,1.42273825,70.41866667,1.426142733,99755.84667,,
2020-06-01 23:00,20.10233333,34.129,2.051666667,2.87,3.026666667,39.88516667,1.42273505,63.30316667,1.42616525,99715.27833,,
2020-06-02 0:00,20.663,33.4125,1.736666667,2.433333333,2.586666667,37.16166667,1.4228282,53.596,1.426237167,99678.375,,
2020-06-02 1:00,20.84583333,33.51616667,2.173333333,2.995,3.155,36.11283333,1.422861717,55.02183333,1.42623385,99646.805,,
2020-06-02 2:00,20.82666667,32.3015,1.625,2.305,2.411666667,34.8295,1.42288465,54.83083333,1.426234383,99582.00833,,
2020-06-02 3:00,20.9375,34.01133333,1.613333333,2.303333333,2.441666667,37.06333333,1.4228503,58.247,1.426217433,99548.53,,
2020-06-02 4:00,20.63416667,39.60933333,2.131666667,3.128333333,3.263333333,36.21283333,1.422844117,61.475,1.426190417,99542.55833,,
2020-06-02 5:00,19.77033333,47.60166667,3.26,4.625,4.801666667,33.02883333,1.422840467,66.85716667,1.426135583,99562.08667,,
2020-06-02 6:00,19.0615,53.95316667,3.966666667,5.536666667,5.771666667,35.9025,1.422733567,75.87516667,1.426064033,99498.89833,,
2020-06-02 7:00,18.93733333,53.928,4.986666667,6.913333333,7.2,37.59466667,1.422692367,83.9485,1.426013867,99425.94,,
2020-06-02 8:00,18.6635,52.96233333,4.826666667,6.62,6.87,38.18633333,1.42266105,81.88283333,1.426018533,99412.01167,,
2020-06-02 9:00,18.609,54.12516667,4.305,6.036666667,6.333333333,37.93833333,1.42266155,83.741,1.426006283,99369.56333,,
2020-06-02 10:00,19.36616667,53.1855,8.951666667,13.16833333,13.88166667,39.7765,1.422682833,80.69616667,1.426044183,99273.48667,,
2020-06-02 11:00,22.86,45.74366667,3.448333333,4.746666667,4.925,36.6795,1.423012367,71.43733333,1.426200683,99170.375,,
2020-06-02 12:00,27.8365,37.71616667,3.871666667,5.288333333,5.525,37.04116667,1.423436833,53.47533333,1.426485067,99053.85167,,
2020-06-02 13:00,28.96277778,35.22722222,4.294444444,5.740740741,5.964814815,48.83555556,1.423320463,58.7287037,1.42650487,98928.19444,,