Timestamp,Temperature[degC],Humidity[percent],PM1.0[ug/m^3],PM2.5[ug/m^3],PM10.0[ug/m^3],O3[ppb],NO2[ppb],Pressure[Pa],Airpointer_NO2[ppb],Airpointer_O3[ppb],Airpointer_Temperature[degC],Airpointer_NO[ppb],Airpointer_NOx[ppb],Airpointer_PM10[ppb],Airpointer_PM2.5[ppb],Airpointer_PM10-2.5[ppb],Airpointer_Humidity[percent]
2020-05-06 17:00,21.38283333,19.0295,1.515,2.552777778,2.872777778,53.78983333,113.9330556,99135.52,7.393666667,39.20183333,12.17,2.494166667,12.17,21.42216667,5.165666667,16.2565,27.64616667
2020-05-06 18:00,18.27377778,21.35833333,1.979444444,3.171666667,3.569444444,54.51772222,96.40255556,99147.82556,10.76383333,35.10733333,11.409,1.459166667,11.409,16.479,5.013333333,11.466,28.91233333
2020-05-06 19:00,15.24233333,25.0405,2.317777778,3.645555556,4.013888889,55.43972222,93.14616667,99178.02,3.808166667,38.28433333,10.57766667,0.4095,10.57766667,13.1035,3.426166667,9.6785,26.92033333
2020-05-06 20:00,13.82788889,23.87005556,1.266111111,1.899444444,2.078888889,52.1895,77.63611111,99234.99556,4.448666667,36.1225,9.082,0.3155,9.082,10.40933333,3.244,7.162833333,28.32683333
2020-05-06 21:00,12.29561111,25.37116667,0.655,1.201111111,1.361666667,52.02494444,72.36238889,99265.70778,4.096666667,35.9675,8.406333333,0.357166667,8.406333333,8.168333333,3.225166667,4.943,29.08616667
2020-05-06 22:00,11.23566667,26.59261111,0.68,1.261111111,1.435555556,53.05994444,74.22055556,99261.88667,4.881833333,34.02083333,7.75,0.585833333,7.75,8.581666667,3.386166667,5.195333333,31.85333333
2020-05-06 23:00,10.50716667,29.40733333,0.992222222,1.72,1.935555556,52.97811111,74.37122222,99228.00444,6.595,31.80733333,7.428166667,0.523666667,7.428166667,9.161833333,3.6205,5.540166667,33.21233333
2020-05-07 1:00,9.407342441,31.94571038,6.78863388,8.023060109,8.478779599,52.70079417,71.60229144,99135.79295,7.903833333,29.11583333,6.104166667,0.4655,6.104166667,7.665666667,3.678,3.988333333,36.01733333
2020-05-07 2:00,8.902055556,32.697,13.14666667,15.71111111,16.94055556,52.95727778,72.21238889,99083.64833,12.97716667,22.95316667,5.324166667,0.538666667,5.324166667,7.962666667,3.736166667,4.225833333,38.22233333
2020-05-07 3:00,8.055388889,34.79077778,12.09833333,15.39388889,15.83,52.636,74.15633333,99054.81556,10.5505,26.84283333,5.248666667,0.287833333,5.248666667,7.740833333,3.510166667,4.229,36.61516667
2020-05-07 4:00,7.937555556,32.89261111,11.77666667,15.02166667,15.38777778,52.1235,72.50566667,99036.58556,11.4695,25.98533333,5.025166667,1.264833333,5.025166667,9.574666667,3.312666667,6.261833333,36.19
2020-05-07 5:00,7.888944444,32.77155556,10.75722222,14.05111111,14.44444444,54.4545,72.70794444,99005.37333,12.3785,26.83683333,6.04,1.158,6.04,11.39733333,3.550666667,7.845833333,33.58016667
2020-05-07 6:00,8.774333333,30.88266667,8.215555556,10.80777778,11.31611111,54.267,79.73544444,98998.53778,9.6795,29.93883333,8.681166667,2.065833333,8.681166667,18.27083333,4.1465,14.12266667,31.54033333
2020-05-07 7:00,13.63516949,26.10038795,1.566817326,2.390263653,2.675969868,52.01470056,68.25388889,98983.47493,5.876666667,33.87616667,9.349333333,1.494,9.349333333,19.41,4.212666667,15.1995,35.41483333
2020-05-07 8:00,14.34694444,28.31377778,1.417777778,2.350555556,2.637777778,53.05216667,62.8465,98963.76722,4.332833333,38.1905,10.91416667,1.413666667,10.91416667,14.94466667,4.0305,10.91216667,33.177
2020-05-07 9:00,15.97394444,27.06033333,1.247222222,2.161666667,2.427222222,54.233,73.81866667,98904.36222,2.836166667,41.92083333,13.118,1.121166667,13.118,11.51883333,3.707166667,7.8105,28.26233333
2020-05-07 10:00,21.18994444,20.44227778,0.978888889,1.751111111,1.892222222,53.79744444,62.79916667,98821.81333,2.9385,39.56116667,11.958,0.871,11.958,13.00566667,3.8425,9.1605,34.31733333
2020-05-07 11:00,18.96938889,24.30933333,1.577222222,2.488888889,2.716666667,54.88566667,72.55994444,98822.63,3.9425,38.5925,12.18016667,1.800833333,12.18016667,14.92716667,4.186,10.741,38.67683333
2020-05-07 12:00,18.73572222,27.79527778,1.701666667,2.637222222,2.872222222,54.92444444,75.96194444,98762.88778,3.373,37.66016667,9.493,0.9465,9.493,19.2445,4.6445,14.60116667,54.20883333
2020-05-07 13:00,16.62522222,36.40644444,2.040555556,3.212777778,3.44,54.92294444,62.37794444,98787.32667,3.345833333,35.21733333,5.632333333,0.955333333,5.632333333,9.472333333,4.471833333,4.999833333,73.71533333
2020-05-07 14:00,11.77905556,52.51866667,4.987222222,6.724444444,7.047222222,49.40127778,64.06055556,98841.58778,3.189666667,36.21933333,6.241833333,1.267,6.241833333,7.731166667,3.851333333,3.879666667,73.078
2020-05-07 15:00,10.614,57.31816667,2.376111111,3.560555556,3.769444444,46.97511111,78.34838889,98857.17,2.492166667,36.965,8.801666667,1.242166667,8.801666667,7.2565,3.657,3.599,58.2165
2020-05-07 16:00,14.46538889,41.94677778,2.400555556,3.49,3.716666667,43.37711111,65.73922222,98819.39944,1.737166667,36.9375,9.588666667,0.772833333,9.588666667,7.778666667,3.619,4.157833333,44.6065
2020-05-07 17:00,15.71977778,32.61622222,1.562222222,2.463333333,2.631666667,46.24066667,54.07888889,98843.69611,1.792333333,36.49666667,9.1945,0.564833333,9.1945,8.55,3.768833333,4.780666667,42.54066667
2020-05-07 18:00,13.81777778,33.32688889,3.157777778,4.311666667,4.528333333,52.06283333,43.54877778,98882.50056,2.0955,36.69183333,8.088666667,0.412,8.088666667,7.424833333,3.650166667,3.7745,40.30966667
2020-05-07 19:00,11.62644444,34.28255556,8.998888889,11.36611111,11.81833333,52.26905556,58.179,98916.86222,2.344,34.9135,6.102833333,0.327,6.102833333,6.444,3.460166667,2.9835,42.51233333
2020-05-07 20:00,10.08055556,34.92888889,5.256111111,6.795,7.121666667,51.98877778,57.26133333,99012.87222,4.138166667,30.44916667,4.640833333,0.262,4.640833333,7.197,3.646833333,3.549,49.50116667
2020-05-07 21:00,8.291944444,40.32705556,8.251111111,10.64777778,11.38555556,51.25644444,65.89405556,99077.39556,5.7785,28.86616667,3.7285,0.542333333,3.7285,9.264,4.057833333,5.205833333,54.479
2020-05-07 22:00,7.176111111,44.33177778,10.74388889,12.60944444,13.685,51.00133333,69.72961111,99098.07,6.2895,28.68466667,3.2375,0.488,3.2375,8.5095,3.9645,4.546166667,56.67216667
2020-05-07 23:00,6.486888889,47.01322222,2.120555556,3.528888889,3.842777778,49.42166667,73.65894444,99142.57,10.50333333,22.81133333,2.527666667,0.783833333,2.527666667,8.467666667,4.280166667,4.1875,59.52916667
2020-05-08 1:00,5.324777778,41.82544444,1.100555556,1.909444444,2.151666667,49.40022222,73.52038889,99144.03833,2.65,32.28666667,0.917166667,0.240666667,0.917166667,4.521666667,2.234,2.287666667,50.9305
2020-05-08 2:00,4.806555556,41.18033333,0.38,0.96,1.127777778,50.53544444,69.48627778,99115.71667,3.670666667,30.2735,0.183333333,0.250333333,0.183333333,4.914333333,2.302166667,2.612166667,57.012
2020-05-08 3:00,4.041888889,45.78411111,0.802222222,1.406111111,1.551666667,50.53105556,70.03022222,99093.08278,5.5375,26.97216667,-0.154166667,0.678666667,-0.154166667,4.875833333,2.433666667,2.441833333,61.82
2020-05-08 4:00,3.455611111,49.32516667,7.568333333,9.317777778,10.30888889,49.98,72.42277778,99086.12444,3.902833333,29.08566667,-0.378,1.088,-0.378,4.5285,1.977833333,2.548333333,62.339
2020-05-08 5:00,3.116055556,49.99783333,5.911111111,7.840555556,8.413888889,50.15561111,75.21211111,99104.09611,3.758166667,28.698,0.225,1.128166667,0.225,6.328166667,2.137166667,4.190666667,57.67
2020-05-08 6:00,3.968444444,46.24294444,3.490555556,4.722777778,5.065,49.73161111,82.86511111,99088.43611,3.445666667,28.5625,0.700666667,2.163666667,0.700666667,4.3435,1.633833333,2.71,49.13466667
2020-05-08 7:00,5.829166667,37.59194444,0.255555556,0.593333333,0.698333333,48.39977778,72.73611111,99098.24167,2.223833333,28.85233333,1.396,1.2345,1.396,6.7175,1.542166667,5.174166667,40.246
2020-05-08 8:00,7.312833333,30.46088889,0.112222222,0.306111111,0.371666667,46.91938889,69.23594444,99126.585,2.299166667,28.44366667,3.148666667,1.666,3.148666667,6.379333333,1.340666667,5.036333333,34.78066667
2020-05-08 9:00,9.670888889,26.03644444,1.107777778,1.299444444,1.399444444,48.53527778,67.16883333,99133.61333,1.708166667,29.4165,4.540333333,1.250666667,4.540333333,6.033166667,1.372333333,4.659833333,32.93983333
2020-05-08 10:00,11.86827778,23.41438889,0.003333333,0.128888889,0.221666667,49.41605556,58.49455556,99073.82722,1.441,29.8655,6.005333333,1.370333333,6.005333333,7.782833333,1.613666667,6.168833333,31.03483333
2020-05-08 11:00,14.48961111,21.47383333,0.687777778,0.889444444,1.006111111,49.04011111,63.05127778,99021.16722,1.966666667,29.22666667,5.890333333,1.409833333,5.890333333,8.584,1.880833333,6.706,31.805
2020-05-08 12:00,14.27455556,21.24433333,0.432222222,0.653888889,0.743333333,49.17966667,60.15316667,99022.30333,1.961333333,29.25833333,5.449333333,1.9765,5.449333333,10.0395,1.765833333,8.273333333,31.4745
2020-05-08 13:00,12.81483333,22.18477778,8.526666667,9.923333333,10.67777778,49.25272222,65.67505556,99003.715,1.615666667,29.97466667,6.064333333,1.129833333,6.064333333,11.24483333,1.875,9.370166667,30.07483333
2020-05-08 14:00,13.25472222,21.40355556,2.178888889,2.505555556,2.672777778,48.61661111,66.24972222,98980.37,1.683333333,29.782,5.008333333,1.150166667,5.008333333,10.0895,2.181,7.909166667,30.14
2020-05-08 15:00,12.11388889,21.70033333,4.454444444,5.46,5.728333333,49.72705556,64.34505556,98989.16389,1.409333333,30.13866667,5.121166667,1.077,5.121166667,11.715,2.4225,9.296333333,30.06633333
2020-05-08 16:00,12.15872222,21.26033333,4.535555556,5.407222222,5.704444444,48.40044444,66.34622222,98974.07833,1.345333333,30.44983333,4.9025,1.016,4.9025,12.0045,2.4475,9.555,25.61433333
2020-05-08 17:00,12.39305556,17.57766667,0.606666667,1.035555556,1.203888889,48.11488889,59.6865,99012.86111,1.2535,30.63566667,3.352833333,0.763666667,3.352833333,7.954666667,1.838,6.117333333,26.7645
2020-05-08 18:00,8.865777778,20.67133333,5.537222222,6.676111111,7.174444444,51.33261111,57.75972222,99076.75222,1.273,30.92433333,0.911166667,0.537666667,0.911166667,6.571833333,1.990666667,4.5805,33.32366667
2020-05-08 19:00,5.744277778,26.12122222,0.477777778,0.779444444,0.895555556,51.12272222,67.3,99136.95056,1.790833333,29.83,-0.3925,0.537166667,-0.3925,5.337,1.898833333,3.438333333,39.11783333
2020-05-08 20:00,3.918833333,31.1745,3.127222222,3.831666667,4.123888889,50.83288889,68.09033333,99203.79556,1.933,27.19266667,-1.163833333,0.487166667,-1.163833333,5.163333333,1.434166667,3.731,44.29333333
2020-05-08 21:00,2.821166667,35.45194444,3.494444444,5.121111111,5.491111111,49.20288889,67.80372222,99281.15,2.530833333,24.91483333,-1.611666667,0.491666667,-1.611666667,2.926166667,1.352666667,1.570833333,49.17216667
2020-05-08 22:00,2.207888889,39.02961111,11.89722222,13.95,15.79722222,46.76611111,68.14655556,99334.00778,2.963,23.96683333,-2.137,0.6205,-2.137,6.922666667,1.6045,5.3175,61.2845
2020-05-08 23:00,1.912888889,47.58827778,6.272222222,7.048888889,8.043333333,46.69316667,69.81294444,99362.03,3.426333333,22.43233333,-3.0775,0.4375,-3.0775,5.9385,1.676333333,4.262,69.999
2020-05-09 1:00,0.6615,55.213,0.014444444,0.183888889,0.317777778,44.617,73.89394444,99376.42167,3.7505,21.4575,-2.854666667,0.3815,-2.854666667,2.5235,1.4025,1.121166667,67.0915
2020-05-09 2:00,0.918388889,53.37455556,0.01,0.228333333,0.372777778,45.23172222,72.74788889,99379.075,5.614666667,18.52966667,-3.4405,0.554833333,-3.4405,2.979166667,1.3955,1.583166667,67.25933333
2020-05-09 3:00,0.472555556,53.09416667,1.111111111,1.347222222,1.496666667,43.91822222,70.89561111,99356.18278,6.603833333,16.94183333,-3.771166667,0.671333333,-3.771166667,2.812166667,1.375666667,1.437,70.69933333
2020-05-09 4:00,0.049722222,55.71916667,4.178333333,4.908888889,5.272222222,44.94616667,72.83688889,99357.94889,8.081666667,15.11083333,-3.879166667,0.916833333,-3.879166667,4.222,1.498,2.726166667,69.99616667
2020-05-09 5:00,-0.140166667,55.82855556,4.253888889,5.043888889,5.528333333,45.11616667,74.89222222,99363.51278,10.618,13.757,-3.274,1.8815,-3.274,4.556166667,1.721333333,2.837166667,67.57166667
2020-05-09 6:00,0.893333333,53.75072222,2.478333333,3.203888889,3.505,45.62355556,86.26072222,99393.19944,8.828333333,15.9305,-1.759,3.396833333,-1.759,5.859333333,2.251333333,3.609166667,63.81833333
2020-05-09 7:00,4.331111111,45.90683333,1.037777778,1.601111111,1.8,45.367,83.91105556,99401.83833,6.649333333,18.62933333,-0.853666667,2.892333333,-0.853666667,7.186166667,2.517666667,4.667833333,63.25583333
2020-05-09 8:00,4.969777778,46.47944444,0.379444444,0.955,1.12,45.55122222,77.77861111,99383.29667,3.232666667,24.39183333,0.184833333,1.781333333,0.184833333,6.086333333,2.393833333,3.690833333,62.38666667
2020-05-09 9:00,6.624222222,44.20661111,0.773888889,1.333888889,1.492777778,45.92366667,71.92916667,99345.16278,1.804833333,29.04883333,1.8875,1.099833333,1.8875,7.939,2.278333333,5.6615,55.27283333
2020-05-09 10:00,9.063222222,38.66794444,1.458888889,2.146111111,2.342777778,45.51455556,73.38177778,99297.37889,1.4825,32.2215,2.7855,0.966333333,2.7855,9.728166667,2.610166667,7.117666667,49.61066667
2020-05-09 11:00,10.8705,33.27027778,0.694444444,1.251666667,1.395,45.48061111,56.67222222,99273.73278,1.525,31.57216667,1.481,0.9975,1.481,10.66416667,2.624166667,8.040166667,64.4035
2020-05-09 12:00,9.007,43.20205556,7.027777778,8.534444444,8.978333333,50.33405556,54.80811111,99347.69278,1.362666667,32.65283333,3.960833333,0.911166667,3.960833333,3.955333333,2.115666667,1.840333333,50.12783333
2020-05-09 13:00,9.462611111,38.62816667,8.566111111,10.23111111,10.65111111,46.26938889,68.61266667,99367.29944,0.973833333,33.7795,3.926166667,0.72,3.926166667,7.315166667,1.799333333,5.518833333,46.41833333
2020-05-09 14:00,10.43972222,33.78344444,0.73,1.031111111,1.137777778,46.77705556,60.32516667,99394.28444,1.105333333,34.58816667,4.771833333,0.659666667,4.771833333,6.655333333,1.756166667,4.898,38.59966667
2020-05-09 15:00,11.04983333,28.471,0.093333333,0.297222222,0.418888889,48.70866667,56.87538889,99394.07556,1.4375,35.03266667,4.143666667,0.7605,4.143666667,6.145333333,1.6815,4.465166667,39.57666667
2020-05-09 16:00,9.9425,29.81188889,2.225555556,2.697777778,2.897777778,53.82555556,58.04766667,99431.16056,1.3345,36.717,4.191833333,0.530166667,4.191833333,6.074833333,1.507333333,4.567666667,40.72383333
2020-05-09 17:00,9.633444444,30.98094444,5.606666667,6.265555556,6.529444444,54.25822222,62.05538889,99467.245,1.4065,38.51983333,4.2915,0.4045,4.2915,7.638166667,1.934333333,5.705,40.81766667
2020-05-09 18:00,9.180777778,32.10416667,9.078333333,10.60722222,10.95555556,54.70705556,66.31816667,99483.30556,1.85,39.15083333,4.107833333,0.479166667,4.107833333,4.907833333,2.2495,2.6585,41.65933333
2020-05-09 19:00,8.692555556,33.14311111,12.035,14.75944444,15.61222222,54.93255556,64.75727778,99498.34833,1.847166667,40.60616667,3.401166667,0.369666667,3.401166667,4.982166667,2.275,2.707833333,44.04166667
2020-05-09 20:00,7.834277778,34.96827778,16.27888889,19.77555556,20.86277778,56.60716667,67.33205556,99555.675,3.362833333,38.65633333,3.003166667,0.474666667,3.003166667,3.734666667,2.120666667,1.6135,45.5255
2020-05-09 21:00,7.179222222,36.50211111,12.77166667,14.62444444,16.18722222,54.56644444,68.47411111,99621.8,4.750333333,36.44733333,2.111666667,0.398,2.111666667,3.736,2.212,1.523833333,48.297
2020-05-09 22:00,6.339777778,38.6405,1.783333333,2.485,2.656111111,54.83194444,69.90372222,99644.07,4.623166667,35.59066667,1.267666667,0.385666667,1.267666667,4.685833333,2.488666667,2.197166667,54.36166667
2020-05-09 23:00,5.426555556,42.97516667,1.111111111,1.773888889,1.941111111,53.674,71.48161111,99630.74167,7.067666667,32.6995,0.926833333,0.582333333,0.926833333,4.878,2.760833333,2.119166667,56.97783333
2020-05-10 1:00,4.766666667,46.74816667,1.385,2.440555556,2.746666667,53.08355556,78.36116667,99668.05778,7.592,32.20366667,1.794333333,0.272333333,1.794333333,5.553666667,3.301666667,2.251333333,53.97816667
2020-05-10 2:00,5.560944444,44.01566667,1.24,2.127222222,2.388333333,52.191,77.67766667,99666.50833,5.3355,34.05833333,1.846666667,0.2375,1.846666667,5.573666667,3.038166667,2.534833333,53.28533333
2020-05-10 3:00,5.995277778,42.40361111,1.528888889,2.337222222,2.584444444,52.3185,72.55211111,99649.36444,5.9565,32.34783333,1.726833333,0.231,1.726833333,5.516333333,3.144166667,2.371333333,54.3625
2020-05-10 4:00,5.812555556,42.96138889,1.240555556,2.076666667,2.316666667,52.27488889,73.27266667,99626.73278,8.707166667,28.375,0.9455,0.475666667,0.9455,6.171166667,3.277833333,2.894,57.318
2020-05-10 5:00,5.035777778,45.24644444,1.183333333,2.141666667,2.443333333,52.98338889,73.10544444,99597.67889,11.66116667,24.6665,0.692333333,0.930333333,0.692333333,6.129833333,3.472166667,2.657333333,58.79966667
2020-05-10 6:00,4.805166667,46.88316667,1.317222222,2.395555556,2.717222222,53.44105556,86.02333333,99619.24278,6.588833333,30.62783333,2.4275,1.373666667,2.4275,5.929833333,3.421,2.508166667,54.27983333
2020-05-10 7:00,8.794111111,38.72683333,2.175555556,3.279444444,3.531666667,49.7735,81.78494444,99604.51111,5.369,34.97083333,3.8175,1.1145,3.8175,5.118,3.200166667,1.917333333,51.3645
2020-05-10 8:00,10.55777778,35.68611111,1.366111111,2.187777778,2.362222222,51.27316667,60.02305556,99595.21333,3.026333333,37.77483333,5.063833333,0.805,5.063833333,5.168666667,2.8635,2.3035,47.99866667
2020-05-10 9:00,10.46461111,36.44788889,2.342222222,3.124444444,3.291111111,51.73111111,66.49238889,99555.66056,4.162666667,36.4635,4.911833333,0.968333333,4.911833333,5.877333333,3.2795,2.5975,48.19466667
2020-05-10 10:00,10.86788889,35.94272222,1.281666667,2.199444444,2.422222222,51.72411111,61.45288889,99566.855,5.777,33.97166667,4.244833333,1.064,4.244833333,8.2135,3.957666667,4.2555,62.83683333
2020-05-10 11:00,9.953833333,45.09111111,4.443888889,6.079444444,6.516111111,53.3015,65.31872222,99567.19389,5.812666667,34.599,4.354,1.1435,4.354,9.423166667,4.782,4.641333333,62.7665
2020-05-10 12:00,9.709333333,46.74455556,10.01055556,12.49333333,13.43222222,51.23588889,72.91483333,99545.85889,6.5755,32.05066667,5.059166667,1.820666667,5.059166667,9.204,5.147,4.0565,70.53783333
2020-05-10 13:00,10.11805556,51.30333333,5.552777778,7.720555556,8.173333333,50.53933333,73.94883333,99496.38778,5.9985,31.631,5.6135,1.409333333,5.6135,9.921166667,5.543,4.377666667,71.86883333
2020-05-10 14:00,10.46666667,52.35488889,4.269444444,6.743333333,7.225555556,49.41772222,73.6575,99442.80778,3.9015,36.05416667,6.856666667,0.960666667,6.856666667,9.4455,5.202166667,4.243166667,66.89816667
2020-05-10 15:00,11.45844444,49.41372222,3.820555556,5.916666667,6.270555556,48.81944444,70.73011111,99394.99056,3.105,38.28583333,8.588,1.123,8.588,8.1755,4.7525,3.422833333,61.245
2020-05-10 16:00,13.35694444,44.439,3.773888889,5.473888889,5.778888889,48.30194444,71.10383333,99337.65,3.508666667,35.7895,7.457166667,0.670333333,7.457166667,8.785333333,4.988666667,3.796833333,63.17216667
2020-05-10 17:00,13.29861111,43.27494444,4.915555556,6.876111111,7.255555556,48.15094444,54.84994444,99315.31056,4.142166667,34.37583333,6.295833333,0.5175,6.295833333,9.4365,5.414833333,4.022666667,68.85633333
2020-05-10 18:00,11.03311111,50.74438889,4.641666667,6.852777778,7.277777778,50.26427778,66.19583333,99334.16944,4.178,32.218,6.134666667,0.369166667,6.134666667,9.181666667,5.472666667,3.710333333,70.39233333
2020-05-10 19:00,10.26938889,53.20161111,4.526666667,6.729444444,7.130555556,49.59233333,71.10361111,99333.52333,4.679166667,31.80983333,5.484,0.331833333,5.484,8.787,5.824333333,2.963166667,71.86983333
2020-05-10 20:00,9.552166667,54.68138889,8.705555556,11.77444444,12.54666667,49.88861111,74.74622222,99321.47944,4.352166667,31.29366667,4.737833333,0.508,4.737833333,9.327833333,5.976833333,3.350833333,73.63133333
2020-05-10 21:00,8.796333333,55.94172222,13.255,17.70555556,18.97611111,50.84294444,79.43027778,99328.27778,3.569666667,31.48533333,4.453833333,0.3935,4.453833333,8.3405,5.562166667,2.777833333,73.57116667
2020-05-10 22:00,8.451444444,56.2755,11.47333333,16.06055556,16.87944444,50.777,80.84483333,99321.96611,2.9365,32.3285,3.842333333,0.372166667,3.842333333,5.044,3.632666667,1.411833333,73.43833333
2020-05-10 23:00,7.914111111,56.2565,9.81,13.51333333,13.915,51.64133333,81.84377778,99286.85556,4.162666667,30.44083333,3.829833333,0.680833333,3.829833333,5.498833333,3.456166667,2.045,71.1465
2020-05-11 1:00,7.484888889,49.79688889,25.16055556,28.58722222,30.52722222,50.64627778,82.8105,99238.83389,4.506166667,29.72283333,3.1695,0.673333333,3.1695,4.2815,2.9095,1.3705,68.096
2020-05-11 2:00,7.199666667,52.28366667,2.409444444,3.187222222,3.438333333,51.81733333,85.11283333,99213.90111,5.070333333,29.50533333,2.364166667,1.669,2.364166667,4.482833333,2.9535,1.528833333,75.25816667
2020-05-11 3:00,6.629722222,57.09616667,1.662777778,2.474444444,2.64,52.28644444,85.89,99199.24889,6.478666667,26.11733333,1.369666667,1.164833333,1.369666667,5.032833333,3.6415,1.392666667,80.06
2020-05-11 4:00,5.9725,61.2675,3.353333333,4.623888889,4.857777778,52.34094444,87.23733333,99180.24333,5.881666667,26.516,0.825333333,1.688833333,0.825333333,5.806333333,4.047,1.758,83.52083333
2020-05-11 5:00,5.178611111,64.56905556,3.885,5.363888889,5.655,52.47827778,92.76605556,99180.15278,7.263333333,25.03433333,0.848666667,2.214666667,0.848666667,5.992166667,3.8515,2.141,84.5305
2020-05-11 6:00,4.981444444,65.891,4.158333333,5.525,5.812777778,52.05833333,94.48116667,99220.98722,10.8095,21.94883333,0.815,3.453,0.815,5.765833333,3.7605,2.005666667,83.77233333
2020-05-11 7:00,5.028888889,65.89011111,3.394444444,4.712777778,4.976111111,53.39938889,100.2782778,99258.375,8.0235,23.697,1.085,3.111,1.085,5.7595,3.761166667,1.999166667,83.72933333
2020-05-11 8:00,5.198666667,66.379,3.370555556,4.628333333,4.865555556,52.78455556,100.0425,99302.23,5.915666667,24.41083333,2.263,4.151833333,2.263,7.583833333,4.142,3.442,81.80066667
2020-05-11 9:00,6.322333333,65.58766667,3.718888889,5.12,5.557222222,51.95383333,101.1783333,99345.31111,6.3635,23.261,3.454166667,9.3085,3.454166667,20.05416667,9.102333333,10.95433333,79.38516667
2020-05-11 10:00,7.936333333,62.3125,3.766111111,7.587777778,10.11722222,50.944,99.19294444,99391.56778,3.8085,24.82316667,4.834,2.1515,4.834,4.139,3.054166667,1.083833333,77.10416667
2020-05-11 11:00,9.929833333,59.10183333,2.279444444,3.221111111,3.446111111,49.17855556,95.60405556,99434.39333,3.826,24.3075,4.918833333,1.9965,4.918833333,5.382,3.5885,1.794166667,75.52833333
2020-05-11 12:00,10.67044444,56.11072222,2.568888889,3.639444444,3.839444444,48.647,85.89811111,99451.20611,2.444333333,21.55516667,5.917,1.754,5.917,5.100166667,2.863666667,2.236166667,65.322
2020-05-11 13:00,11.31677778,49.80444444,1.108888889,1.732777778,1.864444444,44.78483333,82.30972222,99446.49389,1.817666667,22.02516667,7.137,1.499,7.137,4.107166667,1.730666667,2.377333333,55.12966667
2020-05-11 14:00,12.65661111,41.38994444,1.622777778,2.016666667,2.136111111,42.85172222,79.53183333,99479.13611,1.385666667,23.29783333,7.474333333,1.6835,7.474333333,4.480666667,1.632833333,2.849166667,49.96583333
2020-05-11 15:00,14.486,34.88366667,0.271666667,0.478888889,0.551111111,44.02261111,69.47938889,99502.13,1.2975,25.62216667,7.480666667,1.1195,7.480666667,6.234,2.644333333,3.591833333,48.2765
2020-05-11 16:00,14.85983333,32.38516667,0.665555556,1.482222222,1.673333333,47.26738889,67.64694444,99517.15556,1.3795,27.016,7.660166667,1.062166667,7.660166667,9.113,4.056333333,5.056166667,47.16233333
2020-05-11 17:00,14.62472222,31.89372222,2.115555556,3.878333333,4.198333333,48.429,70.60961111,99536.54667,1.605666667,25.46333333,6.374166667,0.654833333,6.374166667,9.947166667,4.988166667,4.958833333,49.87033333
2020-05-11 18:00,12.56388889,35.381,7.95,11.34833333,11.93666667,48.51005556,64.75788889,99567.09111,2.124333333,23.443,5.268166667,0.632333333,5.268166667,9.358,5.6325,3.7245,52.221
2020-05-11 19:00,10.29766667,39.25194444,6.672222222,9.763333333,10.48166667,49.05783333,76.79761111,99603.17333,3.017333333,21.70733333,3.982833333,0.562666667,3.982833333,8.131666667,4.660666667,3.4715,55.377
2020-05-11 20:00,8.457111111,42.3275,11.64777778,15.42611111,16.34,48.16116667,78.97716667,99643.455,4.819666667,19.91116667,2.990333333,0.648666667,2.990333333,9.126,4.050333333,5.077,57.94533333
2020-05-11 21:00,6.706833333,45.71272222,10.61777778,12.70277778,13.61611111,48.06488889,81.99961111,99701.21778,4.9225,19.18383333,1.8595,0.465166667,1.8595,7.147333333,3.7685,3.378833333,60.9565
2020-05-11 22:00,5.617944444,48.09833333,1.967777778,3.034444444,3.348888889,47.99444444,83.48888889,99775.43167,4.4925,20.25266667,0.7455,0.353,0.7455,5.496333333,3.2535,2.243,62.00233333
2020-05-11 23:00,4.511277778,49.06633333,0.861111111,1.66,1.890555556,48.44205556,83.48827778,99812.70389,4.052,25.26933333,0.333166667,0.316166667,0.333166667,6.5165,3.597333333,2.921166667,59.46233333
2020-05-12 1:00,3.459055556,48.47488889,6.993888889,9.097222222,9.878888889,51.89183333,83.96238889,99862.19,15.39466667,15.879,-0.683333333,0.696666667,-0.683333333,7.578666667,4.142,3.437166667,60.69483333
2020-05-12 2:00,2.726611111,49.71733333,5.635,8.481111111,9.178333333,52.69211111,89.37144444,99856.82167,12.81283333,18.818,-1.352166667,0.609333333,-1.352166667,8.335166667,4.300833333,4.034,63.3815
2020-05-12 3:00,2.229333333,51.60922222,8.420555556,11.85333333,12.81388889,52.1575,90.19505556,99867.78333,10.41016667,20.949,-1.705166667,1.498333333,-1.705166667,8.256666667,4.321,3.933833333,66.10683333
2020-05-12 4:00,2.069944444,52.80372222,12.815,16.79166667,19.25277778,51.98027778,90.64122222,99885.12944,13.77416667,17.226,-1.849,1.329333333,-1.849,9.262333333,4.415166667,4.847166667,66.06083333
2020-05-12 5:00,1.911777778,52.87788889,19.51722222,22.51611111,25.86166667,52.32761111,92.84611111,99910.63389,16.7015,15.69316667,-1.122166667,3.1265,-1.122166667,10.5035,4.774666667,5.729,62.91283333
2020-05-12 6:00,2.671166667,51.21055556,3.454444444,5.408888889,6.132777778,54.16438889,103.4653333,99927.74333,14.00016667,19.81416667,0.274833333,4.957333333,0.274833333,13.62116667,5.088666667,8.533833333,60.527
2020-05-12 7:00,6.537277778,42.93188889,2.740555556,4.548333333,5.113888889,52.35738889,96.74822222,99947.17611,7.979166667,27.58266667,1.637166667,3.577333333,1.637166667,12.05683333,4.531333333,7.526333333,54.63616667
2020-05-12 8:00,8.115611111,38.67505556,2.660555556,4.196666667,4.617222222,51.72066667,87.48077778,99957.84833,5.294,29.25633333,4.303,2.919,4.303,15.077,4.451,10.627,41.63866667
2020-05-12 9:00,10.59466667,31.51038889,2.779444444,4.01,4.408888889,49.59761111,83.44683333,99934.80444,2.407666667,33.58383333,7.116333333,1.445833333,7.116333333,10.71883333,3.63,7.090166667,31.67033333
2020-05-12 10:00,15.38938889,22.5825,2.178333333,3.2,3.49,49.48977778,70.36922222,99901.21222,2.137666667,35.27066667,8.759833333,1.434166667,8.759833333,9.7065,3.968333333,5.737333333,30.05633333
2020-05-12 11:00,18.09688889,20.60322222,1.25,2.301111111,2.580555556,51.7905,72.98638889,99868.20167,2.546,35.73266667,8.089,1.097166667,8.089,11.679,4.032333333,7.6495,27.86833333
2020-05-12 12:00,16.50866667,19.41822222,3.005,4.375,4.824444444,52.16838889,68.73355556,99854.51778,3.565333333,35.221,7.587666667,1.526166667,7.587666667,11.4065,4.258833333,7.148333333,32.337
2020-05-12 13:00,13.71322222,24.00705556,3.852777778,5.453888889,5.849444444,52.87427778,78.56727778,99878.32278,4.027333333,34.83166667,6.4965,1.766,6.4965,12.11133333,4.696,7.416333333,43.88533333
2020-05-12 14:00,12.31938889,31.47877778,3.983333333,5.628888889,6.035555556,53.20872222,75.60833333,99926.01278,3.166833333,35.61366667,6.8345,1.3665,6.8345,12.10616667,4.763666667,7.344333333,44.13733333
2020-05-12 15:00,12.29766667,32.47888889,3.63,5.319444444,5.686666667,50.95416667,73.20572222,99952.65444,3.4895,34.87733333,7.375833333,1.436,7.375833333,11.64616667,4.719333333,6.925666667,42.32566667
2020-05-12 16:00,12.85938889,30.67344444,2.925555556,4.575,4.931111111,50.56961111,64.54416667,99974.67444,2.784333333,35.98116667,7.8815,0.936,7.8815,10.43516667,4.3895,6.046833333,38.95083333
2020-05-12 17:00,13.12744444,29.15855556,3.161666667,4.605,4.95,50.98205556,64.14372222,100012.4422,2.613333333,37.79333333,7.763333333,0.728666667,7.763333333,10.94216667,4.482833333,6.4575,38.67366667
2020-05-12 18:00,12.85627778,29.24777778,4.4,6.226111111,6.659444444,51.64927778,54.75966667,100040.0222,3.699333333,37.3595,6.614666667,0.658333333,6.614666667,11.1275,4.7265,6.399666667,40.97983333
2020-05-12 19:00,11.01661111,32.36944444,3.193888889,5.011111111,5.393888889,54.35633333,63.08277778,100078.5511,5.610333333,34.38433333,5.428833333,0.418,5.428833333,11.00533333,4.858333333,6.146166667,44.871
2020-05-12 20:00,9.388333333,36.05783333,7.626111111,10.12,10.82388889,54.02627778,64.50366667,100132.0956,5.928333333,33.30883333,4.097166667,0.316333333,4.097166667,9.178166667,4.270833333,4.9085,46.76966667
2020-05-12 21:00,7.802,37.78361111,17.38166667,22.08333333,24.17166667,53.85833333,68.12588889,100206.9161,4.2075,35.07216667,2.8765,0.344166667,2.8765,6.9055,3.584666667,3.320833333,47.20866667
2020-05-12 22:00,6.536944444,38.45711111,2.476111111,3.676666667,4.147222222,52.99972222,69.62072222,100274.195,5.872,32.70616667,1.797333333,0.487166667,1.797333333,7.940833333,3.532333333,4.4095,46.586
2020-05-12 23:00,5.350888889,38.26211111,1.847222222,2.950555556,3.262222222,53.92644444,71.07455556,100332.855,6.597666667,31.16883333,1.055,0.321,1.055,7.200166667,3.764333333,3.4365,50.23566667
2020-05-13 1:00,3.770166667,44.72127778,4.283333333,5.940555556,6.452222222,53.27627778,75.29733333,100423.5233,11.92216667,23.95966667,-0.046333333,0.333166667,-0.046333333,9.066666667,4.575666667,4.490833333,58.81183333
2020-05-13 2:00,3.207277778,47.659,7.848333333,11.12944444,12.30833333,52.66872222,79.56066667,100445.2911,13.88933333,21.798,-0.282666667,0.427333333,-0.282666667,9.126333333,5.294,3.832833333,63.59866667
2020-05-13 3:00,2.846777778,51.15794444,6.487777778,10.78111111,11.82777778,53.06244444,82.69383333,100490.1311,16.39633333,18.8855,-0.4325,2.172,-0.4325,9.252833333,4.85,4.4035,64.8275
2020-05-13 4:00,2.561277778,52.29072222,6.184444444,10.01222222,10.89333333,53.64133333,85.01566667,100538.2633,15.85983333,19.33116667,-0.621333333,2.062,-0.621333333,8.873666667,4.194833333,4.677833333,64.702
2020-05-13 5:00,2.227555556,52.94077778,6.468888889,9.773333333,10.51611111,53.68311111,88.59155556,100584.7528,15.7065,19.1055,0.491666667,3.081333333,0.491666667,10.30266667,4.248333333,6.054166667,61.03416667
2020-05-13 6:00,3.387888889,51.46322222,7.296111111,10.135,11.45444444,51.58733333,97.69933333,100632.8733,11.18416667,24.79983333,3.918333333,3.4765,3.918333333,9.411333333,3.978666667,5.432166667,50.79016667
2020-05-13 7:00,9.689666667,37.67222222,2.633333333,3.848888889,4.221666667,48.40111111,93.98866667,100663.375,7.146333333,30.73566667,7.933,3.020666667,7.933,10.21633333,3.606333333,6.611833333,39.19116667
2020-05-13 8:00,16.216,25.46444444,1.603888889,2.525,2.830555556,48.68544444,68.69188889,100704.6944,4.245666667,34.55616667,10.0875,2.063,10.0875,9.1215,3.521166667,5.598333333,32.43966667
2020-05-13 9:00,20.08405556,20.3505,1.265,2.084444444,2.294444444,52.16805556,60.74011111,100730.7744,2.667833333,37.4365,10.95883333,1.2395,10.95883333,8.6335,3.468166667,5.167,28.12616667
2020-05-13 10:00,21.95027778,17.90905556,0.880555556,1.648888889,1.832222222,51.67955556,70.85766667,100734.4289,2.524333333,38.649,12.35066667,1.638666667,12.35066667,8.588166667,3.6595,4.929833333,25.6405
2020-05-13 11:00,22.58038889,17.11183333,1.052222222,1.957777778,2.175555556,51.99555556,75.32516667,100748.2089,2.33,40.45166667,12.08283333,1.157,12.08283333,10.983,4.0675,6.915166667,25.24133333
2020-05-13 12:00,21.73794444,18.30716667,1.493888889,2.539444444,2.758888889,52.60338889,72.98383333,100723.4511,6.6275,37.218,10.94883333,4.177833333,10.94883333,27.31933333,6.209,21.11183333,28.4625
2020-05-13 13:00,19.51988889,20.16283333,3.512777778,5.186666667,5.668333333,53.27622222,65.97427778,100681.9422,6.623833333,38.08166667,11.15683333,3.594833333,11.15683333,25.9135,6.056333333,19.85883333,27.77316667
2020-05-13 14:00,18.42294444,20.89294444,3.388888889,5.101666667,5.617777778,53.26338889,73.66216667,100636.7122,6.66,40.79616667,11.84416667,3.263166667,11.84416667,23.13016667,6.829333333,16.3,25.96583333
2020-05-13 15:00,19.50077778,19.42655556,4.191111111,6.267777778,6.8,52.97955556,68.67683333,100595.8428,7.237166667,42.33533333,12.57383333,2.985833333,12.57383333,23.37183333,7.301833333,16.07016667,25.6165
2020-05-13 16:00,20.41627778,19.42494444,4.792777778,7.215555556,7.823333333,54.4465,66.83933333,100546.3339,8.077,43.95533333,12.38366667,2.998,12.38366667,19.98633333,7.459333333,12.5275,25.71066667
2020-05-13 17:00,20.15105556,18.75811111,5.298888889,8.001666667,8.666666667,57.07927778,60.76688889,100539.8533,6.292333333,47.065,11.991,1.354333333,11.991,18.59783333,7.5815,11.01783333,26.07716667
2020-05-13 18:00,17.47516667,20.77372222,5.925,9.046111111,9.705,58.40794444,54.87761111,100522.3706,7.497666667,46.53233333,10.58066667,0.9865,10.58066667,17.8055,7.548333333,10.2575,27.2495
2020-05-13 19:00,14.51494444,23.33116667,6.263333333,9.372777778,10.06166667,57.71055556,59.46961111,100531.5561,8.695166667,43.55633333,10.06516667,0.5785,10.06516667,16.07266667,6.8965,9.175166667,28.26683333
2020-05-13 20:00,13.02727778,25.28772222,7.814444444,10.69888889,11.49222222,55.81155556,55.00961111,100546.5394,10.97833333,38.80066667,8.977166667,0.604333333,8.977166667,14.51383333,6.291333333,8.222833333,31.52866667
2020-05-13 21:00,11.98822222,28.50272222,10.34833333,13.9,14.86444444,55.84744444,56.78033333,100554.3383,11.41866667,34.98333333,8.284166667,0.310833333,8.284166667,13.856,6.392166667,7.462833333,39.009
2020-05-13 22:00,11.08533333,34.58338889,7.764444444,10.965,11.94555556,54.66733333,58.32816667,100576.5994,15.019,30.5205,7.588,1.673166667,7.588,14.21533333,6.885666667,7.331833333,42.11716667
2020-05-13 23:00,10.31061111,37.09983333,5.448333333,8.407777778,9.135555556,52.64655556,61.88988889,100589.7456,20.02233333,21.63066667,7.184833333,1.1435,7.184833333,18.2795,8.053666667,10.2295,44.43816667
2020-05-14 1:00,9.418055556,39.43816667,10.90444444,15.32055556,16.75555556,48.69811111,69.25383333,100542.425,38.97216667,1.245666667,5.303333333,4.503333333,5.303333333,21.23683333,8.415,12.82066667,48.83166667
2020-05-14 2:00,8.524166667,40.89744444,11.13666667,16.08277778,17.41666667,50.55933333,70.793,100522.5256,36.06966667,5.622833333,5.4875,9.339833333,5.4875,27.679,8.851833333,18.8265,47.8025
2020-05-14 3:00,8.298555556,41.2635,8.214444444,13.25722222,14.34611111,49.65055556,75.56216667,100488.8856,30.93916667,12.618,5.538333333,6.336166667,5.538333333,25.75433333,8.733333333,17.023,48.87166667
2020-05-14 4:00,8.809111111,40.31572222,11.93222222,16.39555556,17.60111111,50.14266667,70.24544444,100450.375,24.27666667,16.304,5.148666667,2.903666667,5.148666667,19.01183333,9.099833333,9.912833333,54.00633333
2020-05-14 6:00,8.755333333,44.74455556,13.40722222,19.885,21.54166667,51.15294444,75.24011111,100407.5567,25.76866667,13.81433333,5.4565,4.660166667,5.4565,24.56766667,9.7295,14.83833333,54.36766667
2020-05-14 7:00,9.147833333,43.70761111,11.72888889,17.24777778,18.605,49.36172222,70.247,100425.3783,21.6055,19.82433333,6.802,8.779666667,6.802,21.74183333,9.294333333,12.44766667,51.16533333
2020-05-14 8:00,10.71538889,41.45488889,8.376666667,12.91722222,14.04444444,47.59333333,72.27961111,100371.3822,15.119,31.045,8.9025,5.755333333,8.9025,21.61633333,8.322666667,13.29333333,39.975
2020-05-14 9:00,13.43494444,32.61788889,7.938333333,11.62111111,12.515,46.70488889,60.38444444,100287.0478,9.328833333,35.5135,9.009666667,3.611,9.009666667,15.72333333,6.4065,9.3195,43.038
2020-05-14 10:00,15.25327778,31.73366667,4.448888889,7.007777778,7.581666667,50.66788889,49.22938889,100208.7428,11.87316667,32.29783333,8.920166667,5.6755,8.920166667,14.55816667,6.681833333,7.876666667,49.41583333
2020-05-14 11:00,15.32633333,34.93661111,4.826111111,7.952222222,8.611111111,52.06172222,56.00761111,100143.635,14.79816667,30.31383333,8.762,7.757333333,8.762,16.59516667,7.5785,9.016,52.01533333
2020-05-14 12:00,15.15716667,36.19522222,6.15,9.962222222,10.73888889,50.96288889,53.21422222,100067.88,6.101333333,37.86283333,9.460166667,1.741166667,9.460166667,16.41366667,7.539166667,8.875,47.8915
2020-05-14 13:00,15.17116667,35.65233333,5.606111111,9.251666667,10.02666667,48.43744444,53.18194444,99922.85833,10.3525,34.63066667,8.673666667,3.351833333,8.673666667,16.42983333,7.991833333,8.440333333,49.469
2020-05-14 14:00,14.538,35.94466667,6.572222222,11.07888889,12.07166667,50.52672222,48.47611111,99802.08722,7.648333333,37.3565,8.205666667,1.129,8.205666667,17.78266667,8.493833333,9.290666667,51.165
2020-05-14 15:00,13.07,38.80005556,11.28111111,17.47944444,19.01944444,50.14544444,50.22166667,99718.29222,13.47033333,35.98183333,9.201166667,2.916333333,9.201166667,20.60616667,9.138833333,11.46533333,46.2075
2020-05-14 16:00,12.98627778,37.61311111,10.30444444,16.49222222,18.12666667,50.73272222,61.413,99618.95167,28.49316667,24.82566667,8.278833333,12.38883333,8.278833333,18.76433333,9.4935,9.2695,60.19866667
2020-05-14 17:00,12.95111111,48.06833333,10.74333333,17.03944444,18.32333333,54.27661111,65.02366667,99579.73056,13.19633333,34.41866667,7.174,1.942333333,7.174,18.81216667,10.081,8.729666667,71.06833333
2020-05-14 18:00,11.71283333,55.46833333,10.71388889,17.44166667,18.84277778,51.85238889,66.78838889,99582.99833,12.3445,34.63566667,6.356,1.7185,6.356,17.08866667,10.00316667,7.084,80.70883333
2020-05-14 19:00,10.89316667,62.42277778,8.879444444,15.11333333,16.22277778,54.49138889,74.04516667,99504.32833,11.8735,36.2785,6.271,0.809666667,6.271,16.36816667,10.527,5.839666667,87.05
2020-05-14 20:00,10.37283333,67.51505556,9.661111111,16.34444444,17.61277778,55.68238889,80.2145,99427.78944,27.16333333,22.714,6.713166667,3.069833333,6.713166667,19.52116667,12.31266667,7.210166667,87.97683333
2020-05-14 21:00,10.44133333,68.76372222,11.97444444,20.28055556,21.76555556,57.99044444,91.09833333,99411.35722,21.22716667,24.80666667,6.859,2.4085,6.859,33.40833333,14.9055,18.50583333,88.97333333
2020-05-14 22:00,10.71372222,69.31622222,14.25,24.70777778,26.60166667,56.80938889,88.75077778,99400.67556,27.33883333,20.31733333,7.328166667,2.973666667,7.328166667,39.5735,17.35666667,22.21583333,87.87433333
2020-05-14 23:00,10.86516667,70.07138889,16.85111111,30.30333333,33.74666667,58.28205556,94.99911111,99331.12444,19.13033333,24.9495,7.681166667,0.3905,7.681166667,224.3715,24.34283333,200.0078333,88.6295
2020-05-15 1:00,11.43333333,70.12783333,19.37222222,38.04666667,47.84722222,53.03538889,91.34355556,99255.12222,32.24283333,6.432666667,8.385,2.4345,8.385,62.452,29.69483333,32.762,87.72016667
2020-05-15 2:00,11.60377778,70.27722222,19.72666667,38.17777778,48.24222222,56.03705556,101.5209444,99232.58111,33.91216667,1.992833333,8.613333333,4.048666667,8.613333333,54.3605,30.01,24.35066667,88.17466667
2020-05-15 3:00,11.99916667,70.44,21.37222222,40.02888889,50.58111111,55.08905556,101.7526667,99192.52333,23.03283333,10.02116667,9.095833333,0.734833333,9.095833333,61.018,37.52733333,23.49033333,88.6815
2020-05-15 4:00,12.4525,70.81005556,24.26944444,44.38833333,57.18833333,53.53605556,99.89766667,99198.715,21.518,8.772166667,9.471666667,0.825166667,9.471666667,56.14366667,34.116,22.02783333,88.11016667
2020-05-15 5:00,12.83911111,69.649,23.87444444,42.94277778,54.85666667,51.91566667,96.72794444,99211.52611,26.74983333,2.748166667,8.994666667,7.844166667,8.994666667,60.13033333,31.991,28.14166667,87.74233333
2020-05-15 6:00,12.62588889,69.23127778,25.97,43.79611111,54.425,50.58766667,97.98005556,99226.21333,27.44816667,1.926166667,9.110333333,20.39016667,9.110333333,68.63716667,37.0865,31.55166667,88.56016667
2020-05-15 7:00,12.76333333,69.46077778,20.82666667,40.03111111,52.53055556,51.84816667,101.3630556,99237.04278,29.2105,2.358666667,8.602333333,33.4995,8.602333333,64.40666667,38.74783333,25.65883333,89.51466667
2020-05-15 8:00,12.89144444,68.40894444,24.71722222,44.56777778,57.58111111,52.73838889,100.9695556,99220.11,35.883,2.760666667,8.8435,42.409,8.8435,50.38433333,32.51016667,17.87366667,89.6345
2020-05-15 9:00,13.00172222,70.373,22.87833333,41.59277778,52.81277778,57.15227778,107.4559444,99114.67222,31.0745,9.123666667,9.327166667,22.75883333,9.327166667,26.22816667,17.1975,9.029833333,89.84316667
2020-05-15 10:00,13.57594444,70.55983333,15.89611111,28.65,32.93388889,58.84022222,108.867,99026.03722,23.46533333,16.79016667,10.4535,14.58516667,10.4535,21.6875,13.862,7.825333333,90.68183333
2020-05-15 11:00,14.82788889,69.30666667,12.48444444,22.445,25.08222222,58.827,106.9817222,98944.32778,15.08466667,20.08433333,11.62316667,4.744833333,11.62316667,27.12716667,16.15583333,10.97133333,90.79466667
2020-05-15 12:00,16.00427778,68.56216667,13.95222222,26.44777778,30.36444444,56.09511111,106.1382222,98899.77444,22.1255,13.2035,13.98583333,9.848833333,13.98583333,32.25816667,18.96783333,13.29116667,87.98033333
2020-05-15 13:00,17.99205556,68.21616667,18.505,32.615,38.90666667,58.5575,112.8340556,98858.535,22.282,14.34066667,16.015,9.471333333,16.015,27.93233333,18.69966667,9.2325,88.03483333
2020-05-15 14:00,19.8965,68.66294444,23.54222222,37.61611111,44.93888889,61.72794444,113.3506667,98867.59056,10.30916667,15.94233333,15.99833333,3.606833333,15.99833333,11.28033333,7.233666667,4.045666667,82.97083333
2020-05-15 15:00,21.02394444,60.37288889,7,10.90777778,11.53611111,47.28961111,90.33911111,98944.54222,5.4715,17.91516667,14.19433333,2.005166667,14.19433333,8.2155,4.785666667,3.428666667,85.65883333
2020-05-15 16:00,19.103,62.21416667,5.421111111,7.437222222,7.707777778,47.56216667,89.32022222,99005.85167,4.589833333,25.31183333,14.66766667,1.014666667,14.66766667,5.402833333,3.273166667,2.131,81.62833333
2020-05-15 17:00,19.11288889,60.88688889,2.718888889,3.515,3.644444444,49.45738889,90.559,99049.78833,3.203833333,30.24133333,15.24766667,0.6165,15.24766667,4.393833333,2.272333333,2.12,75.89266667
2020-05-15 18:00,19.49522222,57.68588889,0.922777778,1.301111111,1.39,49.07977778,88.18661111,99125.20111,3.2075,33.304,14.32566667,0.862833333,14.32566667,3.573166667,1.892833333,1.680666667,74.33083333
2020-05-15 19:00,18.58772222,55.95716667,0.904444444,1.24,1.311111111,51.89694444,81.57055556,99249.28833,3.8795,33.35116667,12.974,0.311,12.974,5.396833333,2.34,3.056833333,77.79666667
2020-05-15 20:00,16.79927778,59.09644444,0.991111111,1.467222222,1.556666667,53.20366667,84.08866667,99344.70944,5.114833333,30.68633333,11.66466667,0.299666667,11.66466667,4.6925,2.629,2.062333333,80.59066667
2020-05-15 21:00,15.31683333,61.71933333,1.446111111,2.030555556,2.112777778,53.64305556,87.97211111,99440.40167,5.511333333,29.2345,10.99033333,0.415166667,10.99033333,4.811,2.955833333,1.8565,81.40066667
2020-05-15 22:00,14.3325,63.482,2.605555556,3.414444444,3.575,53.46183333,91.25905556,99524.87667,4.9775,29.87033333,10.43133333,0.3605,10.43133333,5.203166667,3.330833333,1.869666667,81.68916667
2020-05-15 23:00,13.72044444,64.2875,5.747222222,7.245555556,7.795,53.40905556,90.68622222,99587.60333,4.399,28.59783333,9.368833333,0.263166667,9.368833333,5.950333333,4.370833333,1.5795,83.6455
2020-05-16 1:00,12.02088889,67.65461111,5.613888889,8.514444444,8.862222222,52.77983333,96.54461111,99682.76056,3.526666667,28.07,8.9555,0.237833333,8.9555,7.2825,5.4405,1.841666667,87.8985
2020-05-16 2:00,12.05905556,70.52483333,6.654444444,10.20277778,10.76111111,54.63111111,101.0061667,99737.57111,2.934833333,28.735,9.104833333,0.218333333,9.104833333,7.039833333,5.029333333,2.010666667,86.67066667
2020-05-16 3:00,12.51972222,68.66805556,5.126111111,7.845,8.193888889,53.65883333,98.5025,99810.30556,2.831833333,27.74866667,9.110166667,0.225333333,9.110166667,7.786,5.368166667,2.417166667,86.884
2020-05-16 4:00,12.52244444,68.67044444,5.541111111,8.443888889,8.803333333,52.943,97.82427778,99879.595,4.001,26.15366667,9.1765,0.571833333,9.1765,7.828833333,5.363833333,2.463833333,85.17733333
2020-05-16 5:00,12.52138889,67.72194444,5.442777778,8.125,8.491111111,53.22888889,99.7765,99937.30222,4.66,25.05483333,9.042666667,0.839333333,9.042666667,8.452666667,5.688833333,2.764333333,84.08516667
2020-05-16 6:00,12.49366667,66.46305556,5.917222222,8.567777778,8.917222222,51.96861111,99.37316667,100032.0917,4.042333333,24.35133333,9.659,0.874333333,9.659,7.762833333,4.877333333,2.886,82.09483333
2020-05-16 7:00,12.97594444,65.17416667,4.328333333,6.438333333,6.708888889,50.83916667,103.4959444,100137.8383,3.718166667,26.1815,13.42283333,1.345666667,13.42283333,7.431166667,4.793333333,2.638333333,67.867
2020-05-16 8:00,19.27472222,48.21372222,3.785555556,5.387222222,5.603888889,46.12794444,108.5979444,100173.5156,2.777166667,30.92733333,15.64883333,0.7215,15.64883333,7.5865,4.278166667,3.308666667,57.7445
2020-05-16 9:00,24.45816667,36.43838889,2.207222222,3.195555556,3.330555556,48.58983333,80.28544444,100209.475,2.567166667,33.86683333,16.418,0.518666667,16.418,7.955333333,4.225333333,3.7295,54.9505
2020-05-16 10:00,23.71029762,37.83714286,2.455952381,3.408928571,3.545833333,53.00261905,74.51458333,100236.553,4.064333333,30.65233333,16.602,1.2095,16.602,9.881333333,5.168,4.7145,54.24316667
2020-05-16 11:00,26.11072222,34.53383333,4.271111111,5.724444444,5.905555556,50.10961111,96.36916667,100242.0894,4.132333333,34.2125,16.453,1.048666667,16.453,10.57533333,6.224833333,4.351,55.01833333
2020-05-16 12:00,26.24922222,33.63661111,5.895555556,8.007222222,8.4,52.92955556,75.04161111,100260.4022,3.334166667,35.81633333,14.8475,0.7525,14.8475,10.69083333,6.360166667,4.3295,59.8765
2020-05-16 13:00,23.24183333,38.05772222,9.425,12.18166667,13.27277778,51.49861111,82.53972222,100269.7233,2.612,37.97,14.85133333,0.561333333,14.85133333,9.849666667,5.754333333,4.094333333,58.1325
2020-05-16 14:00,23.17505556,37.53877778,4.142222222,5.883888889,6.083333333,51.0375,75.21033333,100279.605,3.067333333,40.77683333,15.90233333,0.843,15.90233333,10.5385,6.0815,4.458333333,54.27
2020-05-16 15:00,24.64805556,35.16177778,4.497777778,6.436111111,6.652777778,52.39627778,75.52477778,100218.8,4.407333333,40.739,15.47666667,1.386,15.47666667,11.2385,6.4645,4.774166667,55.08616667
2020-05-16 16:00,24.53488889,34.59261111,6.828888889,9.432222222,9.885,54.48566667,69.0055,100200.475,3.709666667,38.8815,14.65083333,1.016166667,14.65083333,14.2565,9.8,4.455666667,57.78
2020-05-16 17:00,23.16916667,36.29622222,8.670555556,12.91333333,13.99444444,52.99138889,71.98061111,100237.6283,4.471333333,37.28583333,13.98616667,1.048333333,13.98616667,11.28033333,7.370333333,3.909333333,58.71716667
2020-05-16 18:00,20.21538889,40.568,6.593888889,9.313888889,9.722222222,54.76716667,64.7065,100268.4183,9.403833333,32.29583333,12.72166667,1.735833333,12.72166667,8.941166667,5.292166667,3.648833333,62.479
2020-05-16 19:00,17.3295,45.81972222,5.671111111,7.536666667,7.903333333,54.18738889,70.97705556,100319.81,8.7865,30.31633333,11.2725,1.053666667,11.2725,9.049833333,5.6505,3.399833333,66.44133333
2020-05-16 20:00,15.16794444,50.51233333,4.812777778,6.786666667,7.088888889,51.25538889,68.33944444,100346.3628,5.907666667,32.57033333,10.58333333,0.208833333,10.58333333,12.33783333,7.0605,5.277166667,67.25566667
2020-05-16 21:00,13.77783333,53.27116667,6.561666667,9.946111111,10.42277778,48.68444444,68.96083333,100387.33,12.49383333,26.16766667,10.23833333,0.9445,10.23833333,11.56466667,7.314333333,4.2505,67.96083333
2020-05-16 22:00,13.28361111,54.35183333,7.348333333,11.11666667,11.74722222,49.85166667,72.66355556,100413.0867,6.023833333,28.85283333,9.4555,0.1645,9.4555,16.7985,7.587333333,9.213666667,70.81183333
2020-05-16 23:00,12.69338889,55.95461111,10.18277778,14.20611111,15.26833333,48.16677778,70.43727778,100413.0967,14.72383333,21.15816667,9.402666667,0.940833333,9.402666667,28.26633333,11.33683333,16.93,70.78316667
2020-05-17 1:00,12.07061111,57.32761111,12.10333333,18.54388889,19.83388889,49.89738889,78.97166667,100409.1022,21.93466667,13.877,8.756166667,4.988333333,8.756166667,14.3565,9.444666667,4.911166667,71.9195
2020-05-17 2:00,11.89183333,57.49105556,11.52222222,17.38388889,18.44555556,51.09133333,84.68027778,100406.6867,12.5445,22.39283333,8.433833333,0.264833333,8.433833333,12.49866667,8.111833333,4.387166667,72.10033333
2020-05-17 3:00,11.55977778,57.69344444,8.815,13.43166667,14.12388889,49.26766667,79.26744444,100424.8389,14.27633333,20.489,7.8905,1.873,7.8905,12.05983333,7.803333333,4.2565,73.515
2020-05-17 4:00,11.10538889,58.46333333,7.390555556,11.58888889,12.21388889,50.95738889,84.18327778,100413.8178,9.990166667,23.40383333,7.488833333,0.233166667,7.488833333,11.05316667,7.300833333,3.752666667,74.622
2020-05-17 5:00,10.62166667,59.5875,7.659444444,11.61277778,12.19055556,49.99805556,83.38988889,100417.4017,15.40816667,19.42366667,8.280166667,2.305166667,8.280166667,10.37083333,6.425333333,3.944333333,73.60566667
2020-05-17 6:00,11.19088889,59.75938889,6.722777778,10.00666667,10.52277778,51.16877778,90.72255556,100434.8272,14.48216667,22.18266667,10.36916667,5.831166667,10.36916667,9.350666667,5.501333333,3.850333333,68.6325
2020-05-17 7:00,14.26733333,52.93344444,4.415555556,6.521111111,6.861666667,49.84722222,94.166,100447.1122,5.982833333,31.43683333,12.456,2.3555,12.456,7.354166667,4.153833333,3.200833333,62.17733333
2020-05-17 8:00,18.33466667,44.08144444,2.623333333,3.892777778,4.086111111,47.48888889,81.69377778,100447.6844,2.574833333,36.56966667,14.06583333,0.8305,14.06583333,8.321833333,4.151833333,4.169,56.48033333
2020-05-17 9:00,21.15455556,38.4935,2.405555556,3.673333333,3.887222222,49.73577778,66.14311111,100394.0339,1.9315,37.34833333,14.31966667,0.67,14.31966667,8.484833333,4.970833333,3.513166667,55.1645
2020-05-17 10:00,20.70905556,39.06522222,3.576666667,5.285555556,5.5,52.55472222,67.36266667,100361.4889,1.576666667,38.357,14.24566667,0.5495,14.24566667,9.728333333,4.894666667,4.832666667,54.61116667
2020-05-17 11:00,21.44133333,37.27577778,3.087222222,4.57,4.825555556,52.16588889,64.47611111,100328.3606,1.839333333,38.4085,13.88,0.693666667,13.88,8.871,5.060166667,3.8105,57.32866667
2020-05-17 12:00,20.34794444,40.23322222,3.537222222,5.267222222,5.55,52.12288889,74.23694444,100296.4817,2.216,39.86433333,14.44533333,1.661666667,14.44533333,9.154666667,4.494166667,4.660666667,53.66916667
2020-05-17 13:00,19.93044444,39.5185,2.854444444,4.211111111,4.446666667,53.76244444,66.98916667,100246.0706,1.964666667,43.15466667,15.41083333,0.442666667,15.41083333,8.5165,4.432333333,4.084666667,50.4275
2020-05-17 14:00,19.806,39.74138889,2.865555556,4.158888889,4.335555556,54.85738889,72.64066667,100194.7144,3.969666667,40.5265,15.07166667,1.103,15.07166667,8.374333333,4.154666667,4.219833333,52.0875
2020-05-17 15:00,20.25983333,39.11888889,2.566111111,3.678333333,3.889444444,55.0175,67.20788889,100158.6683,3.946,39.3165,14.23533333,0.819,14.23533333,7.887,4.5205,3.366,56.181
2020-05-17 16:00,18.81583333,42.62394444,4.292222222,5.705555556,5.939444444,54.92294444,69.888,100132.6628,3.867666667,39.36166667,14.22,0.831333333,14.22,8.018,4.352666667,3.666333333,55.66833333
2020-05-17 17:00,18.26005556,43.1915,3.302777778,4.610555556,4.822777778,54.01877778,69.41322222,100074.5917,3.359833333,39.577,13.56516667,0.4815,13.56516667,8.278333333,4.2745,4.003833333,58.26433333
2020-05-17 18:00,17.4565,45.46188889,2.749444444,3.967222222,4.147222222,53.03266667,67.23355556,100077.1439,2.614166667,39.26616667,13.0415,0.190333333,13.0415,8.085,4.593166667,3.492333333,63.16416667
2020-05-17 19:00,16.53372222,50.68372222,3.236111111,4.609444444,4.818333333,52.13094444,69.32772222,100041.2494,5.585166667,36.10416667,13.154,0.201833333,13.154,8.504166667,4.510666667,3.992333333,63.86683333
2020-05-17 20:00,16.09561111,52.85227778,3.403333333,4.696666667,4.958333333,51.51322222,72.85616667,100059.3911,11.05966667,30.39233333,13.63066667,0.7435,13.63066667,11.52583333,5.934666667,5.5915,63.4985
2020-05-17 21:00,16.0585,53.16105556,5.218333333,7.416111111,7.847777778,51.57727778,77.01588889,100059.1933,10.158,31.85216667,14.48916667,0.92,14.48916667,10.15583333,5.883833333,4.271333333,60.06133333
2020-05-17 22:00,17.07216667,49.90505556,4.873888889,6.881666667,7.241666667,51.87027778,74.08416667,100073.7533,6.267333333,32.85416667,13.67016667,0.465166667,13.67016667,9.200333333,5.643333333,3.558333333,67.5185
2020-05-17 23:00,16.78244444,53.86816667,4.972777778,7.017777778,7.31,51.89633333,70.91688889,100080.615,22.41833333,18.316,11.2775,6.625666667,11.2775,12.28066667,6.422166667,5.857833333,76.47266667
2020-05-18 1:00,14.12077778,68.96733333,4.613888889,6.343333333,6.679444444,56.37666667,78.38277778,100093.5983,7.450666667,37.722,10.71466667,2.371166667,10.71466667,6.5155,4.0225,2.491833333,86.906
2020-05-18 2:00,13.65377778,72.38155556,3.321666667,4.791666667,5.008333333,60.51083333,86.92522222,100073.43,8.416666667,39.09783333,10.58333333,1.989833333,10.58333333,5.745,3.738333333,2.007166667,86.20883333
2020-05-18 3:00,13.39761111,72.76444444,2.508333333,3.750555556,4.023888889,61.68955556,89.68805556,100057.4817,6.307666667,39.969,10.6015,1.145333333,10.6015,5.107833333,3.582166667,1.526166667,85.816
2020-05-18 4:00,13.2975,72.75983333,2.603333333,3.918888889,4.147777778,61.82594444,90.5925,100014.27,7.801166667,38.13766667,10.73666667,2.7585,10.73666667,6.389666667,4.171,2.2185,83.67033333
2020-05-18 5:00,13.29433333,71.23988889,3.428333333,4.998333333,5.236111111,59.59522222,90.03405556,100024.35,4.021833333,40.5745,10.67983333,0.618333333,10.67983333,6.4875,4.079333333,2.407833333,82.97816667
2020-05-18 6:00,13.22927778,71.32511111,3.462777778,4.977222222,5.238888889,59.35955556,90.13116667,100037.2372,4.035833333,40.37233333,11.0515,0.761666667,11.0515,7.609833333,4.505166667,3.104333333,80.27066667
2020-05-18 7:00,13.39755556,69.85333333,3.908333333,5.644444444,5.900555556,59.08188889,90.83038889,100044.345,3.141333333,40.98483333,11.82933333,0.4435,11.82933333,6.695,4.196,2.499833333,77.6755
2020-05-18 8:00,14.02677778,66.75511111,3.446666667,4.898333333,5.149444444,57.76644444,94.93455556,100039.2372,2.4875,41.2865,12.08883333,0.305833333,12.08883333,6.092833333,4.072,2.021,83.17883333
2020-05-18 9:00,14.88794444,68.25011111,3.453333333,4.89,5.126111111,58.89822222,94.92388889,100012.39,3.674166667,37.24766667,12.2875,0.740333333,12.2875,7.191333333,4.477833333,2.712666667,87.24533333
2020-05-18 10:00,15.49355556,69.32511111,4.505,6.228888889,6.522777778,59.25561111,95.02566667,100018.1644,3.121833333,36.08933333,12.54266667,0.4995,12.54266667,7.460833333,4.772,2.689333333,87.57533333
2020-05-18 11:00,15.66722222,70.108,4.983888889,6.867777778,7.126111111,59.41188889,97.10433333,100037.6489,2.330166667,37.57416667,13.02716667,0.469333333,13.02716667,7.8365,4.861666667,2.973333333,83.73766667
2020-05-18 12:00,16.1985,67.05038889,5.15,7.034444444,7.278333333,57.24188889,95.48566667,100046.1889,4.014333333,35.66866667,13.376,0.998333333,13.376,9.112833333,5.428833333,3.683333333,81.94416667
2020-05-18 13:00,16.53833333,65.81827778,6.481111111,8.802777778,9.108888889,56.80988889,94.17711111,100041.2672,3.493666667,34.19416667,12.93133333,0.742666667,12.93133333,9.181833333,5.813833333,3.368666667,82.719
2020-05-18 14:00,15.96733333,67.45394444,6.370555556,8.808888889,9.133888889,55.97344444,92.79983333,100029.7728,3.967333333,35.92766667,13.171,1.495833333,13.171,8.384,4.884166667,3.500166667,81.63166667
2020-05-18 15:00,16.01633333,66.85727778,4.905,6.741666667,7.008333333,57.20711111,97.99538889,100029.125,5.088166667,36.185,13.5635,2.1185,13.5635,8.084166667,4.809833333,3.274833333,80.24
2020-05-18 16:00,16.43005556,65.97516667,5.392222222,7.106111111,7.359444444,57.54372222,94.56461111,100013.7744,4.0835,38.59566667,13.29933333,1.6655,13.29933333,7.984,4.611166667,3.3735,80.7755
2020-05-18 17:00,15.7235,68.71538889,4.144444444,5.752777778,6.013333333,59.8355,95.46677778,100008.0056,6.788,35.12683333,12.99683333,1.669333333,12.99683333,8.537833333,4.6725,3.863333333,80.2275
2020-05-18 18:00,15.4545,68.13194444,4.208888889,5.878333333,6.198333333,58.94044444,97.3185,100010.8183,5.814333333,36.75783333,12.9745,0.231166667,12.9745,8.527833333,4.5795,3.947333333,77.56816667
2020-05-18 19:00,15.22483333,66.3715,3.667777778,5.276666667,5.517222222,59.21955556,96.55122222,100027.2906,4.0375,38.5875,13.159,0.189333333,13.159,7.7645,4.396333333,3.368833333,77.2985
2020-05-18 20:00,15.45666667,65.66216667,3.385,4.877222222,5.123333333,58.70755556,98.50627778,100042.0517,12.24066667,28.119,13.59633333,0.7715,13.59633333,9.907,5.24,4.666833333,77.92433333
2020-05-18 21:00,16.00722222,65.57027778,4.782777778,6.778888889,7.202222222,58.088,102.7715556,100078.4061,17.61416667,19.96816667,13.21683333,2.548333333,13.21683333,12.99333333,7.584166667,5.409,79.39983333
2020-05-18 22:00,16.20494444,64.10566667,7.972222222,11.755,12.46555556,57.73472222,99.90561111,100110.4156,12.595,28.168,13.77166667,2.425166667,13.77166667,9.651666667,5.581166667,4.070166667,61.71283333
2020-05-18 23:00,16.13911111,52.10277778,4.431666667,6.356666667,6.718333333,55.18538889,90.44394444,100100.2022,11.14,34.18583333,14.48516667,3.853,14.48516667,13.24183333,7.3725,5.866666667,44.92983333
2020-05-19 1:00,17.10761111,31.0725,2.107777778,3.182777778,3.441111111,58.17744444,78.719,100083.3111,7.541666667,38.56266667,14.50383333,1.723333333,14.50383333,9.500166667,3.706666667,5.792666667,30.01316667
2020-05-19 2:00,17.10494444,26.48905556,1.468333333,2.336111111,2.519444444,58.28744444,84.39894444,100072.2694,5.261,41.02033333,14.01083333,1.041166667,14.01083333,6.854166667,3.239166667,3.614833333,27.82966667
2020-05-19 3:00,16.75622222,24.51961111,0.870555556,1.517777778,1.668888889,58.37055556,89.69755556,100085.4822,9.4685,38.259,13.6005,3.271333333,13.6005,7.092666667,3.301666667,3.7905,28.0185
2020-05-19 4:00,16.35511111,24.55105556,1.069444444,1.744444444,1.943888889,58.64777778,93.74733333,100101.5489,12.109,34.46633333,13.07783333,4.4845,13.07783333,8.819166667,3.48,5.3375,32.243
2020-05-19 5:00,16.00061111,27.86294444,1.593888889,2.374444444,2.596666667,58.86061111,92.87633333,100157.3206,11.88616667,33.23516667,12.69166667,3.988833333,12.69166667,9.6145,3.656333333,5.958666667,36.45716667
2020-05-19 6:00,15.5905,31.15977778,1.552222222,2.444444444,2.668333333,57.10488889,91.93933333,100232.3378,13.1045,29.42666667,12.40766667,5.789333333,12.40766667,9.932,3.774,6.1595,38.95816667
2020-05-19 7:00,15.40811111,32.98533333,1.496111111,2.361666667,2.603333333,55.66488889,87.63794444,100305.9844,10.236,30.97916667,12.12,2.340333333,12.12,12.03416667,3.741,8.292666667,39.45033333
2020-05-19 8:00,15.21377778,33.60927778,1.433888889,2.297222222,2.516666667,54.88955556,83.41977778,100341.6478,7.604166667,33.17116667,12.79866667,1.917666667,12.79866667,10.53733333,3.876666667,6.6595,38.75
2020-05-19 9:00,16.11533333,33.48627778,1.485555556,2.389444444,2.622777778,53.84344444,84.2305,100385.4772,5.691416667,36.45251667,1002.031333,2.383383333,1002.031333,12.29225,3.916166667,8.375216667,14.24566667
2020-05-19 10:00,18.71472222,31.0145,1.522222222,2.423888889,2.673333333,54.1045,86.71077778,100386.3428,6.582316667,38.41806667,1002.969,3.098816667,1002.969,12.85901667,4.18045,8.679566667,15.15495
2020-05-19 11:00,20.50738889,29.18577778,1.403333333,2.288333333,2.550555556,54.66072222,79.12183333,100406.9583,6.368616667,40.6803,1003,2.71165,1003,12.073,4.052516667,8.020266667,14.70125
2020-05-19 12:00,19.40244444,29.74838889,2.147777778,3.057222222,3.26,56.86311111,77.62588889,100418.4378,3.705466667,43.30105,1002.734833,0.9659,1002.734833,10.60348333,3.932333333,6.670916667,14.80348333
2020-05-19 13:00,19.50861111,31.13827778,1.908333333,2.810555556,3.056666667,56.50844444,80.20111111,100409.2156,4.1386,42.99926667,1002.301667,0.999616667,1002.301667,10.9263,4.312916667,6.615566667,14.22405
2020-05-19 14:00,18.61288889,34.56322222,3.326111111,4.538333333,4.868333333,55.83911111,75.88544444,100400.7028,5.461966667,42.98523333,1002,1.724466667,1002,12.73496667,4.61565,8.120583333,15.08121667
2020-05-19 15:00,18.82011111,35.4335,2.901111111,4.154444444,4.442222222,56.49727778,76.53833333,100373.6689,4.756833333,44.66198333,1002,1.5797,1002,12.97493333,4.65825,8.3161,16.27135
2020-05-19 16:00,20.43905556,33.31694444,2.472777778,3.708888889,3.966111111,56.03861111,74.37594444,100349.6739,4.335466667,46.00771667,1002,1.329933333,1002,10.84543333,4.62475,6.22105,16.97821667
2020-05-19 17:00,21.83966667,30.68183333,2.374444444,3.577777778,3.868888889,56.38416667,67.96011111,100332.4456,7.89965,41.45118333,1002,1.7199,1002,12.22926667,4.770833333,7.458833333,16.57491667
2020-05-19 18:00,20.31661111,32.29872222,2.564444444,3.834444444,4.125555556,57.33083333,72.02266667,100317.3267,10.7759,37.5685,1002,1.89605,1002,13.5283,4.949,8.579416667,16.85006667
2020-05-19 19:00,19.82444444,32.83761111,2.808888889,4.123333333,4.415555556,56.05211111,74.32383333,100330.1533,6.4267,40.2325,1002.112833,0.45205,1002.112833,12.30881667,5.010333333,7.29815,16.66881667
2020-05-19 20:00,19.55844444,33.95855556,3.136111111,4.633333333,4.937222222,55.90016667,70.56916667,100377.0522,9.159266667,36.63406667,1003,0.739533333,1003,12.18046667,5.321483333,6.85905,15.93785
2020-05-19 21:00,18.89483333,35.57155556,5.007222222,6.801111111,7.268888889,56.07211111,69.64922222,100438.3472,9.63685,34.76846667,1003,0.6316,1003,12.36998333,5.301916667,7.068133333,15.56225
2020-05-19 22:00,18.36005556,36.46711111,4.086111111,5.745555556,6.139444444,55.74516667,68.39122222,100476.9872,12.5637,33.42815,1003,1.594716667,1003,12.61918333,5.20475,7.416416667,15.36418333
2020-05-19 23:00,18.06088889,36.76988889,3.158888889,4.683888889,5.057222222,55.70033333,68.47588889,100491.4644,12.8719,33.24798333,1003,1.888933333,1003,12.7091,5.067566667,7.64195,14.76556667
2020-05-20 1:00,17.12272222,37.91894444,3.104444444,4.609444444,4.970555556,56.73411111,66.27122222,100477.6956,7.769866667,37.74685,1003,0.477033333,1003,13.59176667,5.007066667,8.582816667,13.93086667
2020-05-20 2:00,16.65544444,38.45338889,2.885,4.300555556,4.612777778,54.46716667,61.54583333,100487.3033,6.609,37.97306667,1003.3015,0.7556,1003.3015,13.34925,4.97725,8.371216667,11.79256667
2020-05-20 3:00,15.2395,42.01133333,3.655555556,5.125,5.508888889,54.98288889,58.14811111,100519.9894,15.19488333,28.45471667,1004,1.177033333,1004,11.9898,5.215866667,6.773316667,10.311
2020-05-20 4:00,13.73222222,46.28394444,4.129444444,5.868333333,6.273333333,53.60327778,62.91572222,100570.875,14.49996667,27.52425,1004.795833,1.3129,1004.795833,15.41268333,5.55535,9.858266667,9.2521
2020-05-20 5:00,12.47761111,50.36477778,5.317777778,7.230555556,7.652222222,50.7505,66.83383333,100660.2706,16.6007,26.28796667,1005.5405,4.238216667,1005.5405,18.94098333,5.994533333,12.94576667,10.37101667
2020-05-20 6:00,13.43938889,48.46816667,4.755,6.766666667,7.303888889,49.03694444,77.63038889,100734.2361,22.5942,25.12325,1006.279667,13.07288333,1006.279667,16.91573333,5.942883333,10.97391667,12.51045
2020-05-20 7:00,18.35,37.70211111,3.901666667,5.625,6.049444444,51.68744444,79.9305,100782.29,12.11263333,33.93081667,1007,6.03125,1007,14.28318333,5.7119,8.572283333,13.97986667
2020-05-20 8:00,22.91016667,29.70416667,3.012222222,4.408888889,4.801111111,53.84616667,62.37211111,100835.5567,6.815016667,39.36251667,1007,2.94545,1007,13.98596667,5.424733333,8.561933333,15.19126667
2020-05-20 9:00,25.20666667,25.32438889,2.951666667,4.117777778,4.448888889,55.74061111,69.25916667,100850.9728,4.387616667,42.62978333,1007,1.727933333,1007,12.67245,4.980533333,7.691966667,15.44183333
2020-05-20 10:00,24.77405556,24.93011111,2.106111111,3.190555556,3.532777778,55.97033333,76.60855556,100857.9483,5.063283333,43.39916667,1007,2.29585,1007,15.49808333,5.321183333,10.1762,15.49598333
2020-05-20 11:00,24.20933333,26.28644444,2.424444444,3.61,3.963333333,56.46627778,75.17388889,100860.1689,2.78235,46.6308,1007,0.884783333,1007,14.59306667,4.925433333,9.66715,15.79211667
2020-05-20 12:00,22.43377778,29.62338889,4.027777778,5.417222222,5.851111111,55.66483333,73.2405,100856.78,4.00395,47.33143333,1007,1.43425,1007,11.98153333,4.67735,7.304333333,16.47606667
2020-05-20 13:00,22.34211111,28.46655556,3.058888889,4.336111111,4.688888889,56.25805556,67.39627778,100834.3283,5.23965,45.99775,1006.703,2.160616667,1006.703,12.24181667,4.348433333,7.893333333,16.9565
2020-05-20 14:00,23.20777778,26.38838889,2.057222222,3.012777778,3.306111111,56.65338889,66.05333333,100785.6878,3.965933333,46.09105,1006,2.146833333,1006,14.86466667,4.361416667,10.50328333,17.10436667
2020-05-20 15:00,23.71988889,25.523,1.582222222,2.491111111,2.743888889,57.2625,67.43,100720.6422,4.788933333,46.15475,1005.2375,2.514516667,1005.2375,11.37796667,4.058416667,7.319883333,17.84425
2020-05-20 16:00,24.446,24.59344444,1.517222222,2.384444444,2.63,58.11494444,70.01261111,100653.38,1.614416667,49.22938333,1004.870167,0.389716667,1004.870167,12.09485,3.922016667,8.17265,18.1929
2020-05-20 17:00,24.32566667,24.06066667,1.240555556,2.019444444,2.204444444,57.64333333,67.32694444,100597.7328,1.42885,50.17005,1004,0.285516667,1004,10.84648333,3.764316667,7.0814,18.25051667
2020-05-20 18:00,22.14666667,26.07766667,1.264444444,2.047222222,2.231111111,58.51683333,61.237,100554.0844,5.291016667,46.90058333,1004,3.6391,1004,11.10413333,3.900783333,7.2043,17.94786667
2020-05-20 19:00,20.69394444,27.67022222,1.416666667,2.263888889,2.481666667,59.38061111,63.79322222,100552.9194,4.87795,45.45265,1004,0.320416667,1004,11.73743333,4.05985,7.679033333,16.53585
2020-05-20 20:00,19.55055556,29.70533333,1.682777778,2.567777778,2.803888889,57.76344444,59.04888889,100568.1278,8.820733333,39.75311667,1004,0.206483333,1004,14.64343333,4.679483333,9.962966667,15.62053333
2020-05-20 21:00,18.34761111,31.43638889,2.035,3.117222222,3.502222222,57.96688889,59.69555556,100582.0744,11.48168333,36.42678333,1004,0.37495,1004,16.18618333,5.166166667,11.01936667,15.09338333
2020-05-20 22:00,17.60794444,33.32294444,2.541666667,3.826666667,4.232222222,56.98288889,58.56883333,100569.0367,18.52595,30.07725,1004,0.87855,1004,16.86136667,5.535216667,11.32751667,14.21293333
2020-05-20 23:00,16.83961111,35.18694444,2.971111111,4.553333333,5.038333333,55.79516667,59.36905556,100559.7322,20.13443333,29.22493333,1004,2.57475,1004,12.05131667,4.543616667,7.507483333,11.88261667
2020-05-21 1:00,14.21772222,38.86538889,3.531111111,4.842777778,5.14,51.63477778,52.576,100604.5356,15.0463,29.44463333,1004,0.8038,1004,13.82343333,5.019183333,8.8043,9.713533333
2020-05-21 2:00,12.64544444,43.662,6.838333333,8.911111111,9.531111111,47.81566667,53.08455556,100612.1606,29.9471,16.74021667,1004,2.048766667,1004,15.6741,5.648733333,10.02496667,8.967933333
2020-05-21 3:00,11.5385,47.40255556,4.614444444,6.654444444,7.097777778,50.25333333,65.55722222,100606.0433,26.42366667,13.40821667,1004,3.60775,1004,17.2275,5.951266667,11.27473333,7.966233333
2020-05-21 4:00,10.60866667,50.21744444,3.807777778,5.737777778,6.328888889,48.55577778,64.65627778,100596.9694,44.39835,0.382933333,1004,15.85415,1004,20.33915,6.8545,13.48403333,7.47765
2020-05-21 5:00,9.860388889,51.40122222,5.209444444,7.539444444,8.222777778,51.84144444,79.03677778,100603.5906,39.70823333,5.46055,1004.202333,26.51073333,1004.202333,19.10025,7.25715,11.84305,9.1869
2020-05-21 6:00,11.20388889,50.36638889,5.942777778,8.633888889,9.35,50.42822222,88.09522222,100626.3789,13.89385,28.35981667,1005,4.294166667,1005,17.87993333,6.407433333,11.47193333,11.17868333
2020-05-21 7:00,17.15444444,37.62966667,4.196111111,6.136666667,6.631666667,45.80788889,71.281,100638.8044,11.08385,33.76573333,1005,3.972216667,1005,19.04878333,5.782416667,13.26518333,13.37278333
2020-05-21 8:00,21.85844444,28.486,3.057222222,4.521666667,4.946666667,48.75983333,55.29427778,100637.99,7.22815,45.44745,1005,2.19725,1005,13.66275,4.485816667,9.179,15.16958333
2020-05-21 9:00,24.98055556,20.957,1.633888889,2.474444444,2.718333333,57.61611111,54.57088889,100618.2117,4.83215,50.82135,1005,1.345933333,1005,11.25398333,3.851816667,7.400133333,15.45221667
2020-05-21 10:00,25.83988889,19.17283333,1.161666667,1.930555556,2.143888889,60.99938889,70.99733333,100600.0217,3.17665,53.57928333,1004.886333,0.824266667,1004.886333,11.56896667,3.79945,7.769266667,15.68195
2020-05-21 11:00,25.32633333,20.13827778,1.097222222,1.844444444,2.046666667,61.0465,74.48833333,100577.3411,3.932083333,53.83665,1004,1.078516667,1004,10.2868,3.826783333,6.4597,15.71306667
2020-05-21 12:00,23.76833333,22.01116667,1.23,1.986111111,2.201666667,61.09588889,72.81383333,100551.255,4.748083333,55.07231667,1003.701667,1.256,1003.701667,11.1249,3.843966667,7.281116667,16.77116667
2020-05-21 13:00,24.20311111,20.18038889,1.075555556,1.787222222,2.040555556,62.15794444,69.29466667,100481.6478,4.015666667,56.00153333,1003,1.06055,1003,9.50875,3.553716667,5.954916667,17.41886667
2020-05-21 14:00,25.19916667,19.61438889,1.347777778,2.041111111,2.308333333,63.01527778,67.71916667,100421.7567,4.0072,55.54551667,1002.469167,0.950233333,1002.469167,9.582716667,3.333933333,6.248533333,17.99853333
2020-05-21 15:00,26.43305556,17.13377778,2.453333333,2.999444444,3.172777778,63.61755556,70.02477778,100348.0372,5.3206,52.99981667,1001.268667,1.331583333,1001.268667,10.74013333,3.389666667,7.35,19.18081667
2020-05-21 16:00,27.896,15.92655556,2.151111111,2.685,2.901111111,64.13705556,79.26427778,100226.9322,4.878133333,51.92361667,1000.768667,0.984683333,1000.768667,10.02626667,3.117483333,6.910216667,19.6958
2020-05-21 17:00,28.32333333,14.70177778,2.25,2.806666667,3.098888889,63.43411111,76.92877778,100161.3183,5.025833333,50.24155,1000,0.844933333,1000,7.848766667,2.9079,4.941966667,19.74398333
2020-05-21 18:00,24.82355556,17.13111111,4.084444444,5.013888889,5.328888889,62.869,61.55272222,100096.4567,14.00706667,44.52491667,1000,1.578666667,1000,14.21708333,4.239966667,9.976566667,17.59273333
2020-05-21 19:00,21.66027778,19.95638889,1.502222222,2.374444444,2.665,63.68038889,63.65244444,100087.9006,17.99653333,41.78605,1000,0.794516667,1000,9.254033333,3.7761,5.478366667,14.85776667
2020-05-21 20:00,18.99172222,17.87077778,1.499444444,2.335,2.573333333,63.62027778,55.34122222,100098.5656,32.98613333,29.76165,999.9952,0.828933333,999.9952,12.94478333,4.016,8.92825,13.439
2020-05-21 21:00,16.88255556,17.84466667,1.530555556,2.516111111,2.79,64.5125,58.65183333,100116.4533,27.61675,28.04656667,1000,0.627183333,1000,15.97351667,5.320783333,10.65106667,12.66133333
2020-05-21 22:00,15.64372222,22.50705556,3.151666667,4.708888889,5.202777778,59.96211111,59.14572222,100136.7094,35.6062,15.6342,1000,3.274133333,1000,14.23716667,5.740533333,8.4958,12.03135
2020-05-21 23:00,14.53427778,28.34022222,3.966111111,5.678333333,6.221111111,55.74772222,58.21383333,100137.4667,45.62921667,5.225616667,1000,4.37145,1000,19.59515,6.305283333,13.28963333,11.51075
2020-05-22 1:00,13.44922222,34.97338889,5.967222222,8.750555556,9.696666667,45.60516667,55.80927778,100121.875,35.00443333,5.469166667,999.7126833,1.510533333,999.7126833,41.81415,8.892316667,32.92211667,10.83583333
2020-05-22 2:00,13.03255556,37.97166667,10.71444444,13.83611111,14.99166667,40.5905,53.54933333,100093.5594,28.708,8.884816667,999.4408833,0.991666667,999.4408833,21.55325,7.61575,13.9392,10.32913333
2020-05-22 3:00,12.60322222,39.19777778,13.16611111,16.98555556,18.22166667,41.24755556,51.457,100069.085,25.17066667,9.0874,999.12475,4.033433333,999.12475,19.75376667,7.364533333,12.38823333,9.868583333
2020-05-22 4:00,12.21677778,41.38677778,7.945555556,11.02444444,11.72,40.15083333,50.26383333,100040.9994,24.81271667,9.55465,998.9698333,2.491116667,998.9698333,20.28171667,8.2907,11.99453333,9.6672
2020-05-22 5:00,11.99077778,41.8655,7.047222222,10.17055556,10.99944444,40.78511111,53.615,100030.6433,31.9214,5.337933333,998.88985,16.98756667,998.88985,37.92536667,19.19731667,18.72561667,11.30068333
2020-05-22 6:00,13.47505556,42.21016667,15.70833333,25.41555556,29.65277778,41.64494444,70.11961111,100011.0389,32.61428333,13.07585,999.0137667,22.78351667,999.0137667,49.69003333,12.14905,37.54043333,15.86008333
2020-05-22 7:00,20.89516667,27.60422222,7.418888889,11.34277778,12.47611111,42.39077778,65.97355556,99986.54611,16.04495,37.3173,999.0550167,4.8301,999.0550167,21.66091667,6.330583333,15.33011667,18.57016667
2020-05-22 8:00,28.6535,22.33961111,3.292777778,4.692777778,5.233333333,56.24916667,49.14255556,99959.85222,13.69716667,35.63253333,999.0807,5.276683333,999.0807,29.55968333,7.690866667,21.86711667,21.00813333
2020-05-22 9:00,32.98105556,24.0175,2.303888889,3.634444444,4.341666667,60.85316667,73.0365,99951.77778,12.89445,37.21436667,998.5647833,4.9857,998.5647833,34.89926667,8.295133333,26.60358333,23.23083333
2020-05-22 10:00,34.91477778,23.63322222,2.372777778,3.698888889,4.472222222,63.92355556,80.99161111,99899.83111,14.57553333,41.92875,997.9396167,5.650166667,997.9396167,31.46733333,8.196566667,23.26991667,23.48566667
2020-05-22 11:00,34.3315,21.04588889,3.726666667,5.493333333,6.175,67.73477778,80.78466667,99843.425,15.24493333,46.65428333,447.60395,5.31115,447.60395,-135.31875,-158.1310833,-143.8387667,-477.8923
2020-05-22 12:00,32.98571375,22.43822316,3.780913371,5.593135593,6.313606403,68.99464313,78.14072976,99795.93986,11.40108333,54.94516667,997.0343667,3.035083333,997.0343667,29.7992,8.074383333,21.7246,23.53856667
2020-05-22 13:00,31.83339344,24.04798907,3.44442623,5.071976321,5.737522769,69.14575319,69.71001457,99761.12278,7.249016667,62.01298333,996.5922333,1.39235,996.5922333,23.74225,7.276166667,16.46581667,23.12788333
2020-05-22 14:00,31.45238889,24.60977778,2.915555556,4.267777778,4.933333333,70.0035,63.60061111,99717.81778,5.484616667,63.2995,996.0325167,0.854016667,996.0325167,22.28203333,8.047283333,14.2352,23.24198333
2020-05-22 15:00,31.42705556,23.59672222,4.583888889,6.120555556,6.63,70.60211111,56.99144444,99662.73389,4.715533333,59.74413333,995.5361167,0.7802,995.5361167,17.94846667,6.258283333,11.68956667,23.83848333
2020-05-22 16:00,31.6291064,24.26078625,2.374830508,3.476308851,3.980160075,68.7459096,61.0873484,99610.31649,3.82805,58.23243333,995.22405,0.467166667,995.22405,21.26871667,7.006366667,14.26341667,23.80378333
2020-05-22 17:00,32.42572222,23.91072222,2.375,3.585,4.090555556,69.11905556,53.27466667,99576.45278,6.0202,55.64625,994.9131333,0.4623,994.9131333,21.56958333,7.504916667,14.06573333,22.21823333
2020-05-22 18:00,28.78611111,28.56911111,6.340555556,8.370555556,9.233888889,63.84072222,54.512,99559.62889,7.4403,53.36281667,994.7552667,0.45045,994.7552667,23.43508333,7.4731,15.95925,21.54665
2020-05-22 19:00,26.52594444,31.44683333,12.31277778,15.68722222,17.11777778,49.37688889,50.48477778,99554.80611,11.5364,48.23798333,994.7471333,1.028033333,994.7471333,22.34916667,8.484316667,13.86426667,20.00195
2020-05-22 20:00,24.62188889,34.32344444,5.183888889,7.269444444,8.09,45.635,47.65405556,99563.49333,19.6179,34.5962,994.83435,1.491366667,994.83435,25.49275,10.0042,15.4873,18.7848
2020-05-22 21:00,22.82777778,38.62933333,5.892222222,8.503888889,9.523888889,47.67766667,53.49194444,99580.98222,12.7462,38.29386667,995.0931167,0.342183333,995.0931167,29.19068333,10.41723333,18.77343333,17.60408333
2020-05-22 22:00,21.33422222,43.13283333,6.158333333,8.9,9.931111111,46.85266667,51.56916667,99615.44111,19.40486667,26.39943333,995.0966333,1.373783333,995.0966333,29.24925,11.54298333,17.70428333,16.13976667
2020-05-22 23:00,19.70455556,47.67727778,7.964444444,11.49888889,12.63833333,45.81227778,59.818,99625.90167,19.79706667,23.61678333,995.0199,0.527816667,995.0199,31.18616667,11.20993333,19.97566667,15.54373333
2020-05-23 1:00,17.98994444,52.48877778,8.281666667,11.99666667,13.27777778,44.36866667,68.72438889,99614.24167,16.48701667,17.45976667,994.8256,0.479316667,994.8256,28.2369,12.38836667,15.84903333,14.06558333
2020-05-23 2:00,17.44911111,53.94322222,9.371666667,13.55111111,14.84166667,44.06361111,71.93905556,99616.07833,18.38301667,14.41961667,994.7301833,0.277016667,994.7301833,30.63758333,12.69185,17.94503333,13.39571667
2020-05-23 3:00,16.86466667,55.35405556,9.755,13.97555556,15.27222222,45.78466667,75.75638889,99609.98278,20.7544,11.96053333,994.59765,3.19795,994.59765,29.78163333,13.21276667,16.56931667,13.4949
2020-05-23 4:00,16.70133333,57.13405556,10.555,15.15833333,16.52055556,45.36361111,80.32655556,99596.67278,17.89186667,12.25036667,994.78755,0.991233333,994.78755,29.44981667,12.89311667,16.55696667,13.4439
2020-05-23 5:00,16.7485,57.24066667,10.88333333,15.64833333,17.00055556,43.38572222,80.03511111,99619.85778,12.23068333,24.32305,995.2297,0.933316667,995.2297,22.89195,9.529733333,13.36298333,14.19301667
2020-05-23 6:00,17.48394444,57.84244444,8.943888889,12.79666667,13.895,46.46155556,91.72344444,99660.315,6.614433333,34.38755,995.5047833,0.889583333,995.5047833,20.69656667,8.082783333,12.6148,17.95155
2020-05-23 7:00,23.96433333,43.70083333,6.584444444,9.483888889,10.28666667,43.94094444,80.32994444,99656.78167,6.832583333,37.70833333,995.7685667,1.4899,995.7685667,22.08921667,7.020516667,15.06948333,21.34638333
2020-05-23 8:00,29.94911111,33.03955556,4.979444444,6.595,7.203333333,44.22716667,58.33133333,99654.96167,6.0121,45.17788333,996.2540167,1.309216667,996.2540167,25.67518333,8.088016667,17.58788333,22.74626667
2020-05-23 9:00,32.59344444,29.32422222,4.040555556,5.666666667,6.332777778,56.11727778,51.43272222,99690.65833,10.3964,44.9171,996.8941833,3.029983333,996.8941833,27.57965,10.95881667,16.61981667,22.5482
2020-05-23 10:00,33.86016667,27.95516667,7.456111111,10.11722222,10.99666667,64.6495,66.12505556,99754.02556,8.30285,53.30033333,997.57575,1.852666667,997.57575,27.83435,11.47698333,16.35491667,23.10556667
2020-05-23 11:00,34.29805556,26.82961111,8.074444444,10.68555556,11.63111111,66.55116667,72.89733333,99817.07278,4.700983333,59.30326667,997.5222,0.687633333,997.5222,24.46498333,9.2184,15.24741667,24.74328333
2020-05-23 12:00,34.71772222,26.13405556,4.283333333,6.045,6.805,71.82872222,71.2875,99809.07556,5.492083333,59.11903333,997.3922333,0.977583333,997.3922333,20.37988333,8.970333333,11.40856667,24.55988333
2020-05-23 13:00,33.03688889,28.18555556,4.188333333,5.918888889,6.638333333,69.7515,70.77166667,99801.595,3.574083333,55.3193,997.1479,0.5732,997.1479,16.80651667,7.740366667,9.066583333,24.53838333
2020-05-23 14:00,32.98305556,32.10822222,4.047777778,5.693888889,6.355555556,64.96311111,68.1545,99774.99667,3.970683333,55.3982,996.8549,0.600183333,996.8549,19.28871667,9.84455,9.4438,24.28636667
2020-05-23 15:00,33.18488889,32.02288889,5.796111111,8.617777778,9.475,64.35261111,57.62383333,99744.73167,3.15585,50.29386667,996.3393167,0.551233333,996.3393167,14.00075,6.551766667,7.44935,24.54836667
2020-05-23 16:00,33.30905556,32.25327778,2.799444444,4.003888889,4.486111111,59.03483333,56.21416667,99694.49833,3.0939,46.32981667,996.4195833,0.586866667,996.4195833,12.96568333,5.436016667,7.529466667,23.92035
2020-05-23 17:00,32.55372222,33.56377778,1.807222222,2.774444444,3.17,58.936,53.70805556,99707.54833,1.971883333,45.4439,996.3775167,0.355266667,996.3775167,15.0641,5.325016667,9.739,23.21543333
2020-05-23 18:00,29.65961111,37.81372222,6.965555556,8.688333333,9.453333333,48.34694444,53.12922222,99713.77556,2.512516667,45.52528333,996.16195,0.242883333,996.16195,14.20353333,5.2756,8.928916667,22.48651667
2020-05-23 19:00,27.24766667,40.02155556,5.566111111,7.117222222,7.848888889,43.86033333,54.39055556,99702.81833,4.286483333,41.35341667,996.3599333,0.2622,996.3599333,14.36755,5.90355,8.464216667,21.52398333
2020-05-23 20:00,25.77511111,44.97144444,6.677777778,8.784444444,9.372777778,45.95738889,58.9645,99729.43,13.69861667,28.94393333,996.6701333,0.33905,996.6701333,35.2879,9.658166667,25.61631667,20.07088333
2020-05-23 21:00,24.04922222,49.44411111,5.806111111,8.340555556,9.376666667,47.4385,67.84327778,99771.18222,15.59565,24.01865,997.0546167,0.6479,997.0546167,53.32693333,15.06325,38.26301667,19.13646667
2020-05-23 22:00,22.551,53.70583333,10.24555556,14.79444444,16.02666667,46.73883333,75.63922222,99817.52,27.67878333,11.37958333,997.20555,4.113033333,997.20555,50.34703333,20.8913,29.46238333,18.06833333
2020-05-23 23:00,21.42305556,57.31927778,20.09166667,29.77777778,33.06777778,47.50355556,87.467,99838.54222,22.79706667,15.17148333,997.1265333,4.1185,997.1265333,28.10081667,16.04013333,12.06108333,17.67263333
2020-05-24 1:00,20.99116667,54.28777778,13.11222222,18.60222222,19.80611111,48.25911111,87.83577778,99841.44722,10.16741667,41.08838333,997.23515,0.3352,997.23515,19.86,7.436933333,12.42276667,18.07256667
2020-05-24 2:00,21.12516667,47.13188889,4.385555556,6.192777778,6.796666667,52.07716667,81.37455556,99844.775,12.13156667,42.27613333,997.2910167,1.038133333,997.2910167,19.20898333,6.530466667,12.67791667,18.0366
2020-05-24 3:00,21.35772222,44.313,3.203333333,4.634444444,5.218888889,54.03705556,75.86666667,99847.33444,12.38238333,38.92395,997.1624833,0.68095,997.1624833,18.42145,6.692233333,11.7278,16.36805
2020-05-24 4:00,20.39944444,46.70522222,4.162777778,5.863333333,6.408888889,55.25566667,75.31122222,99841.04167,9.880183333,40.35193333,997.2814333,1.551083333,997.2814333,18.84076667,6.72845,12.11266667,14.86446667
2020-05-24 5:00,18.84188889,44.95166667,5.123333333,6.909444444,7.398888889,53.61911111,73.69038889,99862.09833,8.291483333,37.89195,997.7105,0.652883333,997.7105,20.00778333,6.387666667,13.6186,14.76221667
2020-05-24 6:00,18.24405556,43.69188889,3.751666667,5.256111111,5.671111111,51.922,78.08338889,99905.91278,12.24743333,33.47765,998.10975,2.005233333,998.10975,20.94721667,6.641633333,14.30385,15.6738
2020-05-24 7:00,20.09355556,41.46433333,4.012777778,5.661111111,6.133888889,50.51811111,84.06538889,99933.55778,9.340783333,36.3519,998.0634,8.340166667,998.0634,18.07248333,7.512666667,10.55973333,16.54345
2020-05-24 8:00,24.65155556,37.93633333,5.787222222,7.871111111,8.431666667,48.28833333,70.46616667,99908.13444,4.909033333,36.83338333,998.1596,2.676266667,998.1596,17.8818,8.5775,9.303783333,18.68143333
2020-05-24 9:00,28.84366667,36.81788889,7.897777778,10.51944444,11.14055556,47.97466667,64.73966667,99897.73889,4.86705,35.53006667,997.7629667,1.81035,997.7629667,15.12075,8.25855,6.86285,21.16566667
2020-05-24 10:00,32.06761111,37.74738889,6.626666667,9.142777778,9.675,50.83583333,65.45255556,99850.29611,2.05815,33.09238333,997.4766,0.7101,997.4766,11.24651667,5.7348,5.511683333,22.80223333
2020-05-24 11:00,33.46883333,37.989,4.107222222,5.58,5.795,47.36488889,64.33777778,99815.92444,1.596433333,37.99713333,997.09045,0.35525,997.09045,12.71175,5.606683333,7.104616667,24.05523333
2020-05-24 12:00,33.54516667,37.71188889,4.016111111,5.342777778,5.581111111,52.14144444,64.22222222,99777.20944,6.321016667,35.86055,996.6191833,3.588783333,996.6191833,15.29036667,7.18465,8.105816667,22.99193333
2020-05-24 13:00,32.00016667,39.16838889,6.196111111,8.309444444,8.737777778,52.87133333,64.19938889,99734.68667,4.018433333,37.37633333,996.3991167,1.4853,996.3991167,14.7533,7.351283333,7.402933333,22.1782
2020-05-24 14:00,30.86161111,40.9585,5.871666667,7.98,8.396111111,46.89977778,68.67561111,99718.60111,3.959016667,36.88086667,995.9428,1.525116667,995.9428,14.90195,6.51535,8.3878,22.47168333
2020-05-24 15:00,30.89966667,40.53933333,4.796666667,6.462777778,6.843333333,44.7185,65.87372222,99670.19722,5.001516667,37.83333333,995.1365,2.519533333,995.1365,16.34015,6.242933333,10.09493333,21.80793333
2020-05-24 16:00,29.93661111,40.59277778,4.461666667,6.085555556,6.39,49.08833333,62.44761111,99593.21167,3.1852,41.55768333,994.5291833,0.876933333,994.5291833,12.85113333,5.7759,7.074733333,21.22666667
2020-05-24 17:00,28.84655556,40.80694444,8.613888889,10.65277778,11.115,48.52494444,63.87222222,99535.67056,6.07535,40.71433333,993.7917167,1.401666667,993.7917167,11.04178333,5.616083333,5.425033333,20.60595
2020-05-24 18:00,26.26533333,44.72727778,12.73333333,15.40888889,16.31166667,49.97877778,66.40577778,99472.85111,6.527566667,40.53786667,993.4547,0.585316667,993.4547,12.04936667,5.10465,6.945633333,19.86378333
2020-05-24 19:00,24.39672222,47.68183333,3.507777778,4.944444444,5.233888889,49.78222222,72.48477778,99445.42222,13.68361667,33.7721,993.0027833,1.0801,993.0027833,11.74126667,5.055516667,6.684983333,18.32613333
2020-05-24 20:00,22.77122222,50.01377778,3.367222222,4.755,5.093333333,51.584,77.36266667,99411.15,14.12773333,31.8386,993.085,0.82955,993.085,16.6376,5.86755,10.77028333,16.91523333
2020-05-24 21:00,20.97405556,53.00533333,4.499444444,6.366666667,6.801111111,52.77027778,84.48361111,99429.20333,21.95495,22.15005,993.0812167,0.760533333,993.0812167,16.6668,6.808966667,9.857733333,16.96225
2020-05-24 22:00,20.64211111,54.98938889,5.928333333,8.249444444,8.66,51.66944444,93.44738889,99429.24,19.9827,21.27115,993.00485,0.323833333,993.00485,16.20746667,7.636416667,8.571166667,17.65176667
2020-05-24 23:00,21.11155556,55.15866667,7.289444444,10.09277778,10.65777778,50.89127778,92.91838889,99422.72889,8.6139,25.2446,992.9315833,0.2283,992.9315833,19.87715,8.313133333,11.56548333,17.66235
2020-05-25 1:00,20.84694444,70.49794444,11.04777778,16.04777778,17.03277778,60.94727778,107.9807222,99445.32389,15.9126,19.28383333,993.4476333,2.872333333,993.4476333,17.5831,10.34921667,7.233916667,17.5327
2020-05-25 2:00,20.95422222,72.70494444,15.51222222,22.94944444,24.21444444,69.11011111,114.502,99474.79056,30.94658333,4.670383333,993.64375,11.0653,993.64375,17.52671667,10.72313333,6.803666667,17.47905
2020-05-25 3:00,20.81411111,70.94188889,15.92944444,23.47111111,24.53666667,64.40416667,120.2716667,99496.79278,10.12405,20.05918333,993.706,0.230716667,993.706,16.2813,9.866666667,6.414983333,17.58405
2020-05-25 4:00,20.35874765,73.03623729,16.01357815,23.26112994,24.06719397,64.72502825,118.3508343,99509.54435,5.786316667,26.88911667,994.2982167,0.326283333,994.2982167,15.76406667,9.652216667,6.109716667,18.85965
2020-05-25 5:00,21.21694444,72.23872222,15.17444444,21.77222222,22.57666667,63.27488889,118.287,99565.22611,8.299266667,22.20751667,994.6975167,1.139766667,994.6975167,15.92176667,9.582983333,6.339683333,19.24763333
2020-05-25 6:00,22.37588889,70.35827778,14.52388889,20.94833333,21.72611111,57.70138889,120.9395556,99601.37667,8.6372,21.26401667,995.0535167,2.403233333,995.0535167,17.78471667,9.972366667,7.813466667,20.5967
2020-05-25 7:00,26.35438889,60.16405556,13.26055556,18.81388889,19.51666667,47.82288889,115.6176667,99617.74611,10.89006667,23.03673333,995.4553333,4.0334,995.4553333,22.61558333,10.43103333,12.18491667,23.60446667
2020-05-25 8:00,31.87066667,46.84511111,11.88055556,16.52888889,17.48,44.84094444,100.6570556,99634.41111,9.910216667,30.40353333,995.9365833,6.018016667,995.9365833,32.02496667,13.25246667,18.77,25.35768333
2020-05-25 9:00,36.04483333,37.76788889,9.984444444,15.17,17.22666667,56.5995,87.16222222,99666.33167,5.433083333,41.39608333,996.15945,1.726616667,996.15945,22.84781667,8.697433333,14.14715,26.75851667
2020-05-25 10:00,38.08911111,34.2125,8.978333333,12.22388889,13.64611111,63.77255556,92.92466667,99681.86333,3.016566667,50.57063333,996.5617333,0.567566667,996.5617333,17.55821667,6.892133333,10.665,28.90068333
2020-05-25 11:00,39.95727778,30.28488889,5.142222222,6.795,7.046111111,69.63544444,107.1106111,99719.55889,2.609533333,55.9032,996.54795,0.365916667,996.54795,19.26846667,7.127266667,12.14178333,30.64543333
2020-05-25 12:00,39.84094444,30.20933333,6.118333333,7.976666667,8.32,75.16416667,124.6715,99715.84778,6.032083333,56.40215,996.3515167,0.603183333,996.3515167,25.99496667,11.12296667,14.8716,28.94998333
2020-05-25 13:00,36.91672222,36.01683333,11.22944444,15.01055556,15.52722222,78.47794444,118.2048333,99704.91222,5.811366667,63.79441667,996.1787833,0.628783333,996.1787833,30.02881667,11.447,18.58005,28.8761
2020-05-25 14:00,35.32355556,38.01661111,11.07111111,15.09166667,15.68611111,76.53577778,95.15472222,99690.39722,3.735816667,65.85,996.0791667,0.2953,996.0791667,25.10276667,10.54331667,14.55418333,29.79243333
2020-05-25 15:00,36.7409037,35.64944444,9.213777778,12.56533333,13.17385185,76.63558519,79.54052593,99679.74504,3.539066667,56.40686667,995.80615,0.4553,995.80615,23.44721667,9.971433333,13.4744,29.56486667