Time,NO,NO2,NOx,O3,PM10_conc_all,PM10-2.5_conc,PM2.5_conc,Air_Temperature,Relative_Humidity
2020-05-06 13:00,1.646,3.425,5.072,38.173,13.57,9.732,3.834,12.071,29.295
2020-05-06 14:00,1.397,3.086,4.483,39.447,14.779,10.735,4.045,12.162,29.102
2020-05-06 15:00,1.237,2.699,3.905,40.509,12.838,8.89,3.945,12.286,28.184
2020-05-06 16:00,1.49,3.941,5.639,40.473,15.705,11.404,4.303,12.375,27.602
2020-05-06 17:00,1.91,5.132,6.875,40.592,19.672,15.035,4.628,12.848,26.503
2020-05-06 18:00,2.493,7.458,9.555,39.162,21.342,16.181,5.17,12.15,27.662
2020-05-06 19:00,1.458,10.777,12.126,35.057,16.456,11.442,5.01,11.4,28.912
2020-05-06 20:00,0.397,3.695,4.078,38.341,13.062,9.67,3.4,10.556,26.898
2020-05-06 21:00,0.318,4.479,4.797,36.087,10.369,7.124,3.245,9.064,28.356
2020-05-06 22:00,0.357,4.094,4.451,35.947,8.113,4.888,3.227,8.395,29.114
2020-05-06 23:00,0.589,4.937,5.661,33.951,8.608,5.214,3.394,7.743,31.907
2020-05-07 0:00,0.532,6.606,7.138,31.796,9.184,5.565,3.622,7.417,33.219
2020-05-07 1:00,0.113,8.106,8.218,29.349,9.143,5.378,3.766,6.536,35.511
2020-05-07 2:00,0.475,7.98,8.455,29.023,7.66,3.978,3.681,6.09,36.058
2020-05-07 3:00,0.535,13.045,13.58,22.883,7.956,4.215,3.737,5.316,38.218
2020-05-07 4:00,0.282,10.361,10.642,27.075,7.717,4.217,3.495,5.246,36.573
2020-05-07 5:00,1.281,11.635,13.53,25.819,9.659,6.333,3.324,5.026,36.191
2020-05-07 6:00,1.165,12.28,13.445,26.966,11.403,7.853,3.55,6.079,33.523
2020-05-07 7:00,2.062,9.643,11.705,29.966,18.576,14.402,4.165,8.702,31.587
2020-05-07 8:00,1.49,5.84,7.33,33.958,19.255,15.051,4.208,9.368,35.401
2020-05-07 9:00,1.416,4.326,5.742,38.204,14.827,10.794,4.025,10.972,33.123
2020-05-07 10:00,1.113,2.822,3.973,41.941,11.604,7.903,3.704,13.108,28.249
2020-05-07 11:00,0.884,2.95,3.834,39.542,12.951,9.102,3.848,11.947,34.442
2020-05-07 12:00,1.798,3.942,5.5,38.558,15.058,10.865,4.194,12.181,38.779
2020-05-07 13:00,0.942,3.37,4.312,37.644,19.132,14.478,4.654,9.395,54.695
2020-05-07 14:00,0.961,3.366,4.326,35.208,9.371,4.916,4.454,5.601,73.748
2020-05-07 15:00,1.267,3.162,4.399,36.219,7.71,3.865,3.845,6.306,72.938
2020-05-07 16:00,1.228,2.475,3.703,36.99,7.26,3.606,3.656,8.816,57.961
2020-05-07 17:00,0.77,1.732,2.502,36.944,7.788,4.163,3.621,9.587,44.481
2020-05-07 18:00,0.567,1.805,2.372,36.487,8.605,4.837,3.771,9.182,42.484
2020-05-07 19:00,0.409,2.088,2.497,36.684,7.325,3.685,3.646,8.064,40.318
2020-05-07 20:00,0.325,2.358,2.683,34.874,6.431,2.974,3.459,6.071,42.591
2020-05-07 21:00,0.263,4.161,4.424,30.382,7.325,3.665,3.654,4.624,49.633
2020-05-07 22:00,0.539,5.787,6.319,28.889,9.195,5.14,4.056,3.716,54.504
2020-05-07 23:00,0.496,6.334,6.829,28.621,8.489,4.515,3.973,3.228,56.736
2020-05-08 0:00,0.785,10.531,11.319,22.779,8.484,4.214,4.275,2.518,59.408
2020-05-08 1:00,0.168,5.56,5.723,30.115,5.833,2.598,3.236,2.017,49.539
2020-05-08 2:00,0.241,2.642,2.883,32.285,4.506,2.275,2.23,0.893,51.046
2020-05-08 3:00,0.296,3.719,3.975,30.199,4.922,2.611,2.306,0.179,57.078
2020-05-08 4:00,0.637,5.52,5.939,26.983,4.858,2.425,2.432,-0.158,61.889
2020-05-08 5:00,1.103,3.892,4.994,29.1,4.534,2.562,1.971,-0.376,62.287
2020-05-08 6:00,1.131,3.749,4.88,28.675,6.339,4.2,2.135,0.233,57.518
2020-05-08 7:00,2.163,3.431,5.612,28.575,4.428,2.792,1.634,0.71,49.061
2020-05-08 8:00,1.235,2.22,3.587,28.858,6.672,5.136,1.533,1.413,40.096
2020-05-08 9:00,1.677,2.296,3.96,28.439,6.399,5.06,1.34,3.178,34.725
2020-05-08 10:00,1.234,1.7,2.934,29.437,6.03,4.654,1.377,4.573,32.87
2020-05-08 11:00,1.376,1.438,2.76,29.86,7.777,6.162,1.614,6,31.073
2020-05-08 12:00,1.419,1.977,3.396,29.225,8.652,6.765,1.885,5.886,31.808
2020-05-08 13:00,1.958,1.951,3.858,29.264,10.016,8.246,1.765,5.454,31.413
2020-05-08 14:00,1.135,1.616,2.751,29.985,11.266,9.393,1.877,6.052,30.078
2020-05-08 15:00,1.152,1.687,2.839,29.776,10.15,7.958,2.192,5.018,30.143
2020-05-08 16:00,1.07,1.404,2.474,30.149,11.668,9.242,2.426,5.116,30.041
2020-05-08 17:00,1.018,1.345,2.363,30.443,11.972,9.536,2.435,4.876,25.481
2020-05-08 18:00,0.756,1.257,2.014,30.649,7.962,6.113,1.842,3.331,26.93
2020-05-08 19:00,0.536,1.272,1.808,30.919,6.53,4.539,1.991,0.872,33.405
2020-05-08 20:00,0.538,1.799,2.336,29.804,5.375,3.49,1.886,-0.409,39.233
2020-05-08 21:00,0.484,1.939,2.422,27.133,5.073,3.641,1.433,-1.169,44.357
2020-05-08 22:00,0.494,2.545,3.039,24.891,2.937,1.578,1.358,-1.622,49.243
2020-05-08 23:00,0.619,2.951,3.57,23.954,6.951,5.36,1.6,-2.157,61.678
2020-05-09 0:00,0.436,3.445,3.882,22.415,5.893,4.223,1.673,-3.078,69.924
2020-05-09 1:00,0.206,4.209,4.416,22.012,3.006,1.679,1.328,-3.01,69.356
2020-05-09 2:00,0.383,3.759,4.141,21.42,2.541,1.144,1.401,-2.861,67.046
2020-05-09 3:00,0.557,5.647,6.204,18.485,2.965,1.567,1.399,-3.451,67.326
2020-05-09 4:00,0.675,6.645,7.32,16.89,2.844,1.47,1.376,-3.78,70.729
2020-05-09 5:00,0.925,8.11,9.035,15.089,4.206,2.713,1.498,-3.873,69.979
2020-05-09 6:00,1.919,10.633,12.552,13.769,4.59,2.861,1.73,-3.244,67.485
2020-05-09 7:00,3.399,8.788,12.566,15.987,5.894,3.634,2.257,-1.746,63.768
2020-05-09 8:00,2.874,6.598,9.348,18.694,7.156,4.634,2.521,-0.831,63.214
2020-05-09 9:00,1.763,3.196,4.939,24.475,6.098,3.702,2.394,0.202,62.41
2020-05-09 10:00,1.089,1.786,2.874,29.125,7.965,5.696,2.272,1.902,55.177
2020-05-09 11:00,0.965,1.476,2.436,32.259,9.779,7.159,2.621,2.802,49.507
2020-05-09 12:00,1.007,1.535,2.542,31.521,10.575,7.964,2.616,1.479,64.722
2020-05-09 13:00,0.903,1.352,2.255,32.721,4.003,1.893,2.108,3.973,49.733
2020-05-09 14:00,0.723,0.98,1.703,33.76,7.357,5.557,1.801,3.94,46.356
2020-05-09 15:00,0.655,1.104,1.76,34.613,6.62,4.863,1.755,4.764,38.514
2020-05-09 16:00,0.766,1.444,2.21,35.04,6.092,4.412,1.681,4.141,39.684
2020-05-09 17:00,0.524,1.327,1.851,36.751,6.112,4.603,1.507,4.195,40.668
2020-05-09 18:00,0.403,1.415,1.819,38.549,7.606,5.673,1.942,4.291,40.838
2020-05-09 19:00,0.486,1.85,2.563,39.169,4.891,2.63,2.254,4.099,41.689
2020-05-09 20:00,0.364,1.856,2.296,40.605,4.995,2.725,2.272,3.392,44.08
2020-05-09 21:00,0.474,3.394,3.87,38.625,3.7,1.581,2.118,2.993,45.541
2020-05-09 22:00,0.397,4.756,5.153,36.41,3.784,1.566,2.219,2.095,48.381
2020-05-09 23:00,0.386,4.641,5.026,35.574,4.676,2.179,2.494,1.257,54.458
2020-05-10 0:00,0.596,7.127,7.763,32.632,4.868,2.102,2.768,0.923,56.991
2020-05-10 1:00,0.279,9.934,10.211,28.928,6.455,2.981,3.473,1.16,57.246
2020-05-10 2:00,0.269,7.497,7.765,32.321,5.521,2.233,3.284,1.789,53.943
2020-05-10 3:00,0.239,5.347,5.585,34.024,5.554,2.51,3.042,1.847,53.297
2020-05-10 4:00,0.234,5.967,6.201,32.318,5.524,2.376,3.146,1.723,54.375
2020-05-10 5:00,0.484,8.801,9.285,28.266,6.177,2.892,3.283,0.93,57.388
2020-05-10 6:00,0.937,11.601,12.538,24.73,6.111,2.64,3.47,0.715,58.72
2020-05-10 7:00,1.377,6.558,7.935,30.665,5.943,2.523,3.421,2.459,54.218
2020-05-10 8:00,1.102,5.313,6.415,35.099,5.116,1.925,3.191,3.824,51.346
2020-05-10 9:00,0.809,3.033,3.843,37.744,5.196,2.325,2.865,5.078,47.954
2020-05-10 10:00,0.968,4.19,5.2,36.433,5.921,2.635,3.286,4.907,48.294
2020-05-10 11:00,1.071,5.814,6.885,33.913,8.221,4.249,3.973,4.241,62.986
2020-05-10 12:00,1.14,5.763,6.856,34.666,9.435,4.643,4.79,4.353,62.769
2020-05-10 13:00,1.843,6.609,8.52,31.987,9.192,4.04,5.152,5.073,70.702
2020-05-10 14:00,1.389,5.966,7.355,31.663,9.915,4.367,5.55,5.639,71.812
2020-05-10 15:00,0.95,3.878,4.828,36.126,9.438,4.248,5.189,6.859,66.854
2020-05-10 16:00,1.13,3.099,4.229,38.278,8.18,3.426,4.754,8.611,61.145
2020-05-10 17:00,0.667,3.536,4.203,35.757,8.806,3.81,4.997,7.422,63.252
2020-05-10 18:00,0.509,4.116,4.625,34.363,9.455,4.038,5.418,6.296,68.921
2020-05-10 19:00,0.369,4.195,4.563,32.172,9.164,3.692,5.472,6.126,70.426
2020-05-10 20:00,0.329,4.66,4.989,31.806,8.801,2.968,5.832,5.468,71.906
2020-05-10 21:00,0.514,4.357,4.583,31.323,9.3,3.323,5.978,4.735,73.618
2020-05-10 22:00,0.39,3.571,3.936,31.464,8.314,2.777,5.537,4.442,73.569
2020-05-10 23:00,0.382,2.953,3.335,32.296,5.007,1.392,3.615,3.836,73.449
2020-05-11 0:00,0.675,4.16,4.836,30.447,5.511,2.06,3.451,3.833,71.057
2020-05-11 1:00,0.696,4.687,5.379,31.324,3.949,1.067,2.882,3.652,63.563
2020-05-11 2:00,0.687,4.529,5.216,29.692,4.29,1.382,2.909,3.155,68.212
2020-05-11 3:00,1.66,5.077,6.641,29.479,4.511,1.55,2.961,2.351,75.361
2020-05-11 4:00,1.183,6.5,7.683,26.087,5.04,1.383,3.659,1.354,80.135
2020-05-11 5:00,1.681,5.854,7.535,26.541,5.77,1.735,4.035,0.825,83.546
2020-05-11 6:00,2.237,7.351,9.588,24.938,6.014,2.16,3.855,0.845,84.534
2020-05-11 7:00,3.458,10.789,14.247,21.973,5.78,2.019,3.761,0.815,83.782
2020-05-11 8:00,3.112,7.987,11.098,23.705,5.73,1.978,3.752,1.102,83.729
2020-05-11 9:00,4.192,5.908,10.149,24.408,7.635,3.479,4.155,2.284,81.719
2020-05-11 10:00,9.265,6.341,15.527,23.257,19.853,10.81,9.035,3.47,79.388
2020-05-11 11:00,2.127,3.781,5.908,24.864,4.151,1.097,3.057,4.84,77.132
2020-05-11 12:00,2.003,3.817,5.77,24.255,5.402,1.8,3.604,4.922,75.397
2020-05-11 13:00,1.75,2.427,4.177,21.528,5.063,2.22,2.843,5.952,65.097
2020-05-11 14:00,1.499,1.818,3.317,22.072,4.094,2.386,1.713,7.163,54.936
2020-05-11 15:00,1.692,1.383,3.093,23.291,4.54,2.9,1.639,7.458,49.981
2020-05-11 16:00,1.101,1.29,2.386,25.676,6.269,3.595,2.674,7.479,48.23
2020-05-11 17:00,1.056,1.385,2.441,27.024,9.137,5.078,4.059,7.668,47.161
2020-05-11 18:00,0.656,1.612,2.267,25.399,9.963,4.935,5.024,6.341,49.926
2020-05-11 19:00,0.627,2.137,2.764,23.423,9.304,3.681,5.622,5.25,52.276
2020-05-11 20:00,0.563,3.037,3.601,21.682,8.177,3.531,4.644,3.955,55.417
2020-05-11 21:00,0.651,4.865,5.516,19.884,9.1,5.047,4.053,2.98,58.001
2020-05-11 22:00,0.461,4.892,5.353,19.191,7.132,3.378,3.754,1.835,61.005
2020-05-11 23:00,0.352,4.474,4.826,20.32,5.486,2.23,3.254,0.734,61.984
2020-05-12 0:00,0.317,4.09,4.407,25.279,6.516,2.914,3.603,0.322,59.429
2020-05-12 1:00,0.32,7.663,7.982,23.121,7.159,3.316,3.843,-0.248,59.991
2020-05-12 2:00,0.703,15.476,16.179,15.818,7.593,3.443,4.149,-0.691,60.727
2020-05-12 3:00,0.611,12.797,13.39,18.854,8.341,4.04,4.301,-1.362,63.431
2020-05-12 4:00,1.489,10.364,11.781,20.958,8.285,3.964,4.322,-1.708,66.138
2020-05-12 5:00,1.347,13.875,15.222,17.147,9.254,4.833,4.418,-1.845,66.029
2020-05-12 6:00,3.161,16.647,20.246,15.761,10.535,5.753,4.781,-1.094,62.835
2020-05-12 7:00,4.979,13.944,19.046,19.92,13.636,8.551,5.086,0.292,60.539
2020-05-12 8:00,3.542,7.903,11.348,27.64,12.025,7.5,4.526,1.659,54.457
2020-05-12 9:00,2.901,5.248,8.295,29.319,15.069,10.629,4.442,4.352,41.369
2020-05-12 10:00,1.438,2.385,3.823,33.629,10.676,7.043,3.631,7.155,31.617
2020-05-12 11:00,1.436,2.14,3.577,35.285,9.728,5.76,3.969,8.785,29.994
2020-05-12 12:00,1.09,2.55,3.556,35.745,11.691,7.664,4.035,8.06,27.87
2020-05-12 13:00,1.557,3.61,5.168,35.175,11.458,7.193,4.266,7.574,32.544
2020-05-12 14:00,1.74,4,5.74,34.865,12.085,7.387,4.701,6.488,43.994
2020-05-12 15:00,1.366,3.16,4.526,35.615,12.139,7.375,4.764,6.848,44.056
2020-05-12 16:00,1.432,3.481,4.914,34.876,11.566,6.853,4.71,7.373,42.29
2020-05-12 17:00,0.933,2.784,3.717,36.012,10.438,6.049,4.393,7.898,38.926
2020-05-12 18:00,0.726,2.617,3.343,37.815,10.995,6.508,4.486,7.745,38.691
2020-05-12 19:00,0.664,3.741,4.405,37.311,11.116,6.386,4.726,6.6,41.031
2020-05-12 20:00,0.408,5.643,6.052,34.316,11.01,6.149,4.863,5.403,44.952
2020-05-12 21:00,0.321,5.892,6.213,33.351,9.096,4.847,4.25,4.079,46.777
2020-05-12 22:00,0.341,4.205,4.546,35.068,6.842,3.262,3.58,2.852,47.186
2020-05-12 23:00,0.491,5.93,6.86,32.647,7.996,4.46,3.54,1.778,46.611
2020-05-13 0:00,0.321,6.595,6.916,31.149,7.196,3.434,3.762,1.049,50.331
2020-05-13 1:00,0.145,9.124,9.267,27.07,8.165,4.249,3.913,0.25,55.733
2020-05-13 2:00,0.334,11.987,12.321,23.91,9.047,4.46,4.586,-0.049,58.894
2020-05-13 3:00,0.428,13.878,14.306,21.81,9.148,3.844,5.305,-0.287,63.634
2020-05-13 4:00,2.192,16.519,18.341,18.764,9.26,4.42,4.84,-0.438,64.858
2020-05-13 5:00,2.072,15.854,18.314,19.338,8.857,4.674,4.184,-0.618,64.675
2020-05-13 6:00,3.092,15.608,18.934,19.175,10.344,6.089,4.255,0.53,60.914
2020-05-13 7:00,3.493,11.139,14.632,24.893,9.369,5.395,3.972,3.986,50.602
2020-05-13 8:00,2.998,7.062,10.06,30.848,10.209,6.615,3.596,7.989,39.015
2020-05-13 9:00,2.055,4.23,6.281,34.574,9.182,5.655,3.527,10.115,32.354
2020-05-13 10:00,1.227,2.641,3.862,37.492,8.567,5.106,3.465,10.965,28.077
2020-05-13 11:00,1.639,2.525,4.295,38.662,8.603,4.937,3.667,12.373,25.553
2020-05-13 12:00,1.151,2.32,3.464,40.498,10.998,6.933,4.069,12.078,25.236
2020-05-13 13:00,4.235,6.722,10.944,37.132,27.884,21.62,6.263,10.922,28.565
2020-05-13 14:00,3.582,6.618,10.163,38.116,25.582,19.536,6.044,11.171,27.743
2020-05-13 15:00,3.255,6.65,9.886,40.854,23.067,16.233,6.839,11.847,25.959
2020-05-13 16:00,2.986,7.271,10.489,42.339,23.411,16.096,7.315,12.581,25.607
2020-05-13 17:00,2.971,8.042,10.552,44.022,19.974,12.524,7.453,12.381,25.709
2020-05-13 18:00,1.352,6.318,7.675,47.077,18.585,11,7.587,11.971,26.094
2020-05-13 19:00,0.983,7.516,8.334,46.469,17.79,10.248,7.542,10.561,27.288
2020-05-13 20:00,0.574,8.681,9.255,43.557,16.009,9.143,6.871,10.059,28.236
2020-05-13 21:00,0.601,11.027,11.488,38.681,14.524,8.227,6.297,8.954,31.681
2020-05-13 22:00,0.307,11.425,11.732,34.923,13.853,7.455,6.397,8.269,39.112
2020-05-13 23:00,1.678,15.1,16.279,30.429,14.215,7.311,6.906,7.589,42.11
2020-05-14 0:00,1.141,20.158,22.426,21.423,18.339,10.283,8.053,7.172,44.474
2020-05-14 1:00,1.868,36.671,38.287,4.342,24.959,15.82,9.142,6.416,45.64
2020-05-14 2:00,4.544,38.975,43.571,1.222,21.189,12.785,8.408,5.289,48.854
2020-05-14 3:00,9.324,35.89,45.361,5.832,27.874,19.018,8.861,5.492,47.79
2020-05-14 4:00,6.308,30.887,37.716,12.653,25.584,16.865,8.718,5.542,48.939
2020-05-14 5:00,2.969,24.381,28.616,16.201,19.001,9.88,9.125,5.143,54.069
2020-05-14 6:00,13.786,35.259,49.626,5.374,25.094,14.689,10.409,5.129,56.374
2020-05-14 7:00,4.974,25.704,31.321,13.905,24.532,14.809,9.716,5.472,54.323
2020-05-14 8:00,8.501,21.508,30.316,19.942,21.723,12.438,9.286,6.831,51.058
2020-05-14 9:00,5.749,15.008,20.141,31.26,21.434,13.149,8.284,8.928,39.816
2020-05-14 10:00,3.641,9.369,12.833,35.42,15.741,9.342,6.399,9,43.191
2020-05-14 11:00,5.613,11.776,17.282,32.367,14.557,7.866,6.691,8.919,49.513
2020-05-14 12:00,7.724,14.772,21.368,30.342,16.607,9.013,7.595,8.756,52.045
2020-05-14 13:00,1.771,6.14,7.817,37.87,16.377,8.847,7.529,9.474,47.767
2020-05-14 14:00,3.325,10.319,14.159,34.641,16.454,8.448,8.01,8.657,49.551
2020-05-14 15:00,1.11,7.653,8.569,37.384,18.029,9.527,8.505,8.211,51.122
2020-05-14 16:00,3.757,14.001,18.364,35.837,20.403,11.267,9.139,9.217,46.189
2020-05-14 17:00,11.625,28.193,38.37,24.769,18.797,9.283,9.51,8.244,60.514
2020-05-14 18:00,1.859,12.944,14.608,34.655,18.787,8.711,10.075,7.165,71.179
2020-05-14 19:00,1.721,12.413,14.549,34.569,17.075,7.054,10.02,6.33,80.958
2020-05-14 20:00,0.844,11.892,12.956,36.178,16.419,5.866,10.553,6.283,87.042
2020-05-14 21:00,3.068,27.487,31.358,22.442,19.519,7.187,12.335,6.724,87.963
2020-05-14 22:00,2.372,20.832,22.791,25.211,33.557,18.659,14.925,6.86,88.993
2020-05-14 23:00,2.972,27.494,29.926,20.158,40.376,22.955,17.437,7.336,87.848
2020-05-15 0:00,0.4,19.197,19.659,24.79,230.718,206.068,24.538,7.686,88.648
2020-05-15 1:00,0.407,18.194,19.027,19.609,161.461,132.762,28.781,7.795,89.062
2020-05-15 2:00,2.44,32.507,35.246,6.158,61.615,31.929,29.692,8.395,87.689
2020-05-15 3:00,4.072,33.838,37.563,2.048,54.401,24.258,30.141,8.614,88.217
2020-05-15 4:00,0.709,22.918,23.627,10.08,60.962,23.471,37.492,9.112,88.659
2020-05-15 5:00,0.851,21.603,22.454,8.643,56.086,22.079,34.005,9.463,88.125
2020-05-15 6:00,8.222,26.82,35.313,2.702,60.324,28.209,32.116,8.992,87.728
2020-05-15 7:00,20.196,27.364,47.47,1.952,68.796,31.64,37.155,9.115,88.566
2020-05-15 8:00,34.091,29.422,64.961,2.347,64.259,25.497,38.76,8.592,89.529
2020-05-15 9:00,42.096,35.84,77.843,2.812,49.944,17.699,32.243,8.853,89.639
2020-05-15 10:00,23.307,31.25,54.244,9.169,25.994,8.953,17.044,9.333,89.835
2020-05-15 11:00,13.599,22.939,34.349,17.045,21.73,7.858,13.871,10.472,90.694
2020-05-15 12:00,4.846,15.215,20.061,19.976,27.298,11.055,16.243,11.659,90.768
2020-05-15 13:00,9.905,22.172,32.077,13.145,32.221,13.256,18.966,14.025,88.007
2020-05-15 14:00,9.389,22.163,31.621,14.461,27.771,9.137,18.631,16.053,87.912
2020-05-15 15:00,3.522,10.149,13.671,15.827,11.049,3.993,7.056,15.943,83.028
2020-05-15 16:00,1.976,5.426,7.402,18.121,8.139,3.392,4.748,14.197,85.614
2020-05-15 17:00,1.012,4.583,5.595,25.35,5.397,2.13,3.267,14.673,81.576
2020-05-15 18:00,0.612,3.192,3.803,30.314,4.417,2.161,2.255,15.254,75.745
2020-05-15 19:00,0.857,3.22,4.092,33.338,3.543,1.643,1.901,14.298,74.408
2020-05-15 20:00,0.315,3.891,4.207,33.326,5.401,3.064,2.338,12.954,77.832
2020-05-15 21:00,0.299,5.143,5.442,30.639,4.761,2.12,2.642,11.646,80.63
2020-05-15 22:00,0.417,5.499,5.916,29.227,4.747,1.791,2.956,10.982,81.403
2020-05-15 23:00,0.356,4.963,5.319,29.882,5.217,1.874,3.341,10.419,81.693
2020-05-16 0:00,0.266,4.419,4.685,28.522,5.998,1.6,4.399,9.347,83.7
2020-05-16 1:00,0.076,5.22,5.293,25.91,7.628,2.101,5.527,8.515,86.655
2020-05-16 2:00,0.241,3.494,3.735,28.109,7.262,1.831,5.432,8.963,87.885
2020-05-16 3:00,0.217,2.93,3.147,28.733,7.059,2.024,5.035,9.107,86.67
2020-05-16 4:00,0.224,2.852,3.076,27.72,7.793,2.424,5.369,9.112,86.877
2020-05-16 5:00,0.58,4.026,4.606,26.105,7.841,2.476,5.364,9.178,85.143
2020-05-16 6:00,0.847,4.653,5.5,25.051,8.43,2.747,5.684,9.037,84.071
2020-05-16 7:00,0.872,4.019,4.891,24.371,7.778,2.904,4.874,9.705,81.958
2020-05-16 8:00,1.35,3.72,5.07,26.237,7.423,2.634,4.789,13.462,67.636
2020-05-16 9:00,0.717,2.773,3.491,30.986,7.56,3.29,4.27,15.682,57.61
2020-05-16 10:00,0.513,2.56,3.073,33.921,7.995,3.769,4.227,16.436,54.901
2020-05-16 11:00,1.226,4.096,5.28,30.59,9.965,4.756,5.206,16.575,54.313
2020-05-16 12:00,1.055,4.156,5.212,34.231,10.566,4.321,6.244,16.438,55.116
2020-05-16 13:00,0.729,3.271,3.999,35.895,10.666,4.321,6.348,14.85,59.838
2020-05-16 14:00,0.563,2.616,3.179,38.02,9.841,4.087,5.753,14.858,58.113
2020-05-16 15:00,0.854,3.093,3.947,40.796,10.55,4.461,6.091,15.913,54.22
2020-05-16 16:00,1.393,4.423,5.463,40.719,11.245,4.777,6.467,15.454,55.141
2020-05-16 17:00,1.001,3.682,4.683,38.84,14.302,4.455,9.848,14.642,57.791
2020-05-16 18:00,1.052,4.498,5.55,37.262,11.21,3.902,7.308,13.97,58.757
2020-05-16 19:00,1.749,9.564,11.098,32.146,8.93,3.639,5.291,12.696,62.533
2020-05-16 20:00,1.03,8.662,9.498,30.398,9.099,3.425,5.672,11.256,66.486
2020-05-16 21:00,0.204,5.877,6.04,32.578,12.339,5.277,7.065,10.574,67.271
2020-05-16 22:00,0.946,12.502,13.669,26.109,11.567,4.243,7.324,10.229,67.991
2020-05-16 23:00,0.164,6.041,6.204,28.841,17.139,9.52,7.612,9.452,70.827
2020-05-17 0:00,0.942,14.762,16.032,21.107,28.052,16.697,11.363,9.395,70.789
2020-05-17 1:00,2.665,19.494,23.852,15.846,16.081,5.878,10.203,8.973,71.739
2020-05-17 2:00,4.882,21.763,26.494,14.027,14.323,4.898,9.426,8.757,71.906
2020-05-17 3:00,0.263,12.441,12.704,22.476,12.464,4.368,8.1,8.422,72.134
2020-05-17 4:00,1.882,14.347,16.626,20.405,12.073,4.272,7.801,7.881,73.515
2020-05-17 5:00,0.225,9.957,10.174,23.461,11.042,3.749,7.294,7.487,74.655
2020-05-17 6:00,2.377,15.524,17.566,19.338,10.358,3.957,6.4,8.313,73.533
2020-05-17 7:00,5.821,14.347,20.56,22.341,9.322,3.843,5.479,10.404,68.541
2020-05-17 8:00,2.303,5.886,7.916,31.549,7.364,3.217,4.148,12.488,62.047
2020-05-17 9:00,0.833,2.577,3.413,36.584,8.318,4.155,4.162,14.074,56.461
2020-05-17 10:00,0.673,1.927,2.599,37.364,8.525,3.53,4.994,14.337,55.099
2020-05-17 11:00,0.538,1.553,2.091,38.388,9.697,4.821,4.876,14.221,54.704
2020-05-17 12:00,0.713,1.869,2.596,38.397,8.894,3.835,5.06,13.884,57.307
2020-05-17 13:00,1.641,2.202,4.095,39.936,9.104,4.621,4.486,14.46,53.581
2020-05-17 14:00,0.441,1.955,2.396,43.173,8.555,4.129,4.427,15.433,50.395
2020-05-17 15:00,1.105,3.984,5.118,40.479,8.335,4.172,4.16,15.04,52.177
2020-05-17 16:00,0.822,3.957,4.771,39.306,7.898,3.378,4.52,14.238,56.195
2020-05-17 17:00,0.856,3.961,5.249,39.289,8.024,3.668,4.355,14.21,55.664
2020-05-17 18:00,0.451,3.286,3.393,39.632,8.287,4.017,4.273,13.556,58.332
2020-05-17 19:00,0.188,2.582,2.77,39.26,8.087,3.492,4.595,13.033,63.243
2020-05-17 20:00,0.206,5.631,5.837,36.096,8.526,4.011,4.515,13.159,63.872
2020-05-17 21:00,0.755,11.2,11.956,30.214,11.575,5.61,5.966,13.65,63.411
2020-05-17 22:00,0.923,10.109,11.032,31.936,10.088,4.215,5.873,14.489,60.085
2020-05-17 23:00,0.457,6.22,6.647,32.811,9.23,3.581,5.649,13.651,67.667
2020-05-18 0:00,6.638,22.411,29.317,18.359,12.233,5.83,6.409,11.246,76.671
2020-05-18 1:00,0.943,7.553,10.038,39.46,7.598,2.915,4.682,11.035,83.786
2020-05-18 2:00,2.344,7.312,10.91,37.781,6.508,2.485,4.023,10.706,86.954
2020-05-18 3:00,1.956,8.359,10.326,39.192,5.713,1.987,3.726,10.581,86.181
2020-05-18 4:00,1.152,6.325,7.611,39.921,5.126,1.535,3.591,10.614,85.783
2020-05-18 5:00,2.749,7.757,10.913,38.183,6.394,2.224,4.17,10.73,83.648
2020-05-18 6:00,0.626,4.032,4.651,40.558,6.517,2.431,4.085,10.679,82.989
2020-05-18 7:00,0.748,4.01,4.214,40.377,7.602,3.092,4.51,11.07,80.138
2020-05-18 8:00,0.449,3.137,3.586,41.001,6.67,2.482,4.186,11.835,77.728
2020-05-18 9:00,0.307,2.491,2.798,41.247,6.115,2.036,4.078,12.092,83.301
2020-05-18 10:00,0.734,3.667,4.047,37.22,7.199,2.719,4.48,12.289,87.269
2020-05-18 11:00,0.505,3.134,3.639,36.071,7.466,2.686,4.781,12.55,87.538
2020-05-18 12:00,0.466,2.306,2.771,37.628,7.839,2.986,4.853,13.037,83.649
2020-05-18 13:00,1.016,4.056,4.908,35.54,9.14,3.683,5.456,13.367,82.019
2020-05-18 14:00,0.731,3.479,4.21,34.268,9.188,3.39,5.798,12.931,82.656
2020-05-18 15:00,1.496,3.959,5.917,35.952,8.36,3.483,4.878,13.182,81.605
2020-05-18 16:00,2.129,5.128,7.245,36.182,8.092,3.283,4.809,13.561,80.252
2020-05-18 17:00,1.814,4.203,5.892,38.624,7.985,3.378,4.606,13.295,80.793
2020-05-18 18:00,1.507,6.68,8.244,35.073,8.538,3.86,4.677,12.991,80.165
2020-05-18 19:00,0.225,5.8,6.025,36.794,8.541,3.971,4.57,12.978,77.56
2020-05-18 20:00,0.194,4.031,4.225,38.581,7.757,3.359,4.4,13.165,77.268
2020-05-18 21:00,0.77,12.359,13.011,27.915,9.928,4.664,5.265,13.593,78.011
2020-05-18 22:00,2.594,17.698,21.007,19.926,12.995,5.394,7.603,13.219,79.271
2020-05-18 23:00,2.436,12.548,15.662,28.26,9.682,4.123,5.557,13.785,61.344
2020-05-19 0:00,3.837,11.099,15.853,34.295,13.204,5.844,7.357,14.494,44.697
2020-05-19 1:00,0.65,8.018,8.498,37.632,9.473,5.234,4.237,14.737,34.342
2020-05-19 2:00,1.728,7.517,9.248,38.586,9.475,5.779,3.703,14.497,29.947
2020-05-19 3:00,1.044,5.297,6.395,41.014,6.825,3.589,3.233,14.002,27.81
2020-05-19 4:00,3.418,9.585,14.304,38.08,7.157,3.846,3.309,13.594,28.065
2020-05-19 5:00,4.339,12.004,15.647,34.599,8.809,5.331,3.476,13.067,32.321
2020-05-19 6:00,4.034,12.013,15.838,33.089,9.596,5.937,3.662,12.687,36.534
2020-05-19 7:00,5.746,12.984,18.459,29.5,10.044,6.269,3.775,12.403,38.955
2020-05-19 8:00,2.36,10.245,12.429,30.967,11.972,8.231,3.739,12.119,39.442
2020-05-19 9:00,1.921,7.58,9.507,33.211,10.541,6.657,3.883,12.817,38.723
2020-05-19 10:00,2.397,5.668,8.09,36.494,12.322,8.4,3.923,14.264,37.255
2020-05-19 11:00,3.11,6.627,9.399,38.443,12.856,8.681,4.177,15.162,36.414
2020-05-19 12:00,2.679,6.334,9.194,40.717,12.092,8.042,4.05,14.704,36.369
2020-05-19 13:00,0.945,3.643,4.588,43.35,10.577,6.643,3.933,14.797,38.277
2020-05-19 14:00,1.011,4.174,5.155,42.991,10.922,6.604,4.319,14.217,43.114
2020-05-19 15:00,1.736,5.486,7.097,42.975,12.798,8.18,4.621,15.106,41.968
2020-05-19 16:00,1.566,4.71,6.08,44.715,12.924,8.271,4.657,16.29,39.771
2020-05-19 17:00,1.331,4.366,5.697,45.987,10.808,6.186,4.621,16.975,38.213
2020-05-19 18:00,1.741,8.021,9.784,41.291,12.304,7.522,4.781,16.577,38.987
2020-05-19 19:00,1.864,10.69,12.711,37.641,13.504,8.56,4.945,16.852,38.208
2020-05-19 20:00,0.445,6.412,6.857,40.226,12.273,7.254,5.016,16.659,39.749
2020-05-19 21:00,0.739,9.139,9.803,36.626,12.201,6.885,5.318,15.925,42.297
2020-05-19 22:00,0.653,9.762,10.426,34.669,12.392,7.086,5.307,15.563,43.151
2020-05-19 23:00,1.571,12.444,13.998,33.528,12.58,7.382,5.2,15.354,43.255
2020-05-20 0:00,1.914,12.977,15.711,33.182,12.789,7.725,5.067,14.759,44.824
2020-05-20 1:00,1.783,13.172,15.871,33.918,13.901,8.817,5.085,14.491,44.608
2020-05-20 2:00,0.456,7.575,8.083,37.899,13.61,8.603,5.004,13.909,45.677
2020-05-20 3:00,0.765,6.677,7.379,37.887,13.315,8.337,4.975,11.763,52.832
2020-05-20 4:00,1.172,15.306,16.92,28.322,12.06,6.836,5.223,10.275,58.739
2020-05-20 5:00,1.313,14.452,16.219,27.567,15.434,9.877,5.56,9.259,63.041
2020-05-20 6:00,4.307,16.733,20.252,26.212,18.998,13.008,6.001,10.41,59.397
2020-05-20 7:00,13.094,22.505,34.639,25.22,16.864,10.926,5.938,12.539,51.901
2020-05-20 8:00,6.089,12.064,18.299,33.997,14.232,8.52,5.714,14.002,46.267
2020-05-20 9:00,2.827,6.721,9.434,39.451,13.933,8.521,5.412,15.203,40.322
2020-05-20 10:00,1.721,4.374,5.998,42.67,12.703,7.722,4.979,15.446,37.595
2020-05-20 11:00,2.294,5.051,7.689,43.429,15.673,10.331,5.329,15.493,38.544
2020-05-20 12:00,0.879,2.788,3.668,46.654,14.432,9.508,4.917,15.801,39.116
2020-05-20 13:00,1.454,4.043,5.497,47.318,11.936,7.262,4.668,16.494,35.586
2020-05-20 14:00,2.15,5.2,6.672,46.008,12.274,7.928,4.346,16.95,33.287
2020-05-20 15:00,2.137,3.964,6.551,46.094,14.957,10.596,4.367,17.121,33.046
2020-05-20 16:00,2.504,4.763,6.165,46.174,11.297,7.253,4.048,17.855,31.818
2020-05-20 17:00,0.387,1.601,1.957,49.266,12.054,8.131,3.92,18.19,30.972
2020-05-20 18:00,0.284,1.433,1.717,50.169,10.811,7.046,3.762,18.252,30.359
2020-05-20 19:00,3.648,5.307,8.72,46.87,11.179,7.279,3.905,17.938,31.47
2020-05-20 20:00,0.31,4.908,5.698,45.399,11.721,7.66,4.064,16.508,34.215
2020-05-20 21:00,0.229,9.273,9.912,39.494,14.771,10.074,4.695,15.61,36.001
2020-05-20 22:00,0.353,11.126,11.322,36.548,16.156,10.982,5.17,15.085,37.988
2020-05-20 23:00,0.918,18.901,20.608,29.917,16.766,11.246,5.527,14.186,40.715
2020-05-21 0:00,2.563,19.782,22.445,29.205,12.003,7.48,4.528,11.868,45.926
2020-05-21 1:00,0.092,11.737,11.768,34.102,9.153,4.975,4.178,11.334,46.715
2020-05-21 2:00,0.878,15.32,16.414,29.124,13.906,8.861,5.044,9.692,52.752
2020-05-21 3:00,1.972,29.734,31.609,16.954,15.697,10.057,5.642,8.954,56.525
2020-05-21 4:00,3.648,26.83,30.026,12.994,17.26,11.297,5.963,7.947,60.281
2020-05-21 5:00,16.151,44.543,61.316,0.361,20.392,13.517,6.874,7.48,60.586
2020-05-21 6:00,26.318,39.379,65.197,5.721,19.159,11.896,7.262,9.24,56.542
2020-05-21 7:00,4.199,13.641,16.975,28.612,17.842,11.455,6.387,11.202,51.578
2020-05-21 8:00,3.969,11.057,15.026,33.9,19.03,13.255,5.773,13.416,43.164
2020-05-21 9:00,2.171,7.159,9.33,45.615,13.533,9.079,4.46,15.183,30.758
2020-05-21 10:00,1.352,4.834,6.188,50.844,11.275,7.424,3.851,15.454,27.801
2020-05-21 11:00,0.808,3.138,3.945,53.626,11.535,7.743,3.797,15.681,27.89
2020-05-21 12:00,1.087,3.959,5.046,53.84,10.319,6.489,3.83,15.726,28.321
2020-05-21 13:00,1.256,4.752,6.007,55.096,11.057,7.223,3.837,16.786,24.229
2020-05-21 14:00,1.054,3.998,4.945,56.014,9.515,5.957,3.55,17.426,23.652
2020-05-21 15:00,0.953,4.015,4.968,55.523,9.582,6.25,3.331,18.013,21.091
2020-05-21 16:00,1.334,5.339,6.673,52.951,10.793,7.398,3.391,19.201,19.26
2020-05-21 17:00,0.988,4.897,5.884,51.897,9.96,6.85,3.109,19.698,18.201
2020-05-21 18:00,0.832,4.981,5.806,50.247,7.922,5.012,2.913,19.736,18.943
2020-05-21 19:00,1.589,14.197,15.782,44.425,14.226,9.973,4.251,17.534,22.711
2020-05-21 20:00,0.784,18.198,19.249,41.59,9.196,5.427,3.771,14.829,20.175
2020-05-21 21:00,0.858,33.123,34.396,29.559,13.092,9.051,4.043,13.414,18.697
2020-05-21 22:00,0.604,27.563,27.686,28.043,15.883,10.553,5.326,12.657,22.06
2020-05-21 23:00,3.278,35.701,39.893,15.486,14.23,8.485,5.743,12.023,27.162
2020-05-22 0:00,4.415,45.741,49.718,5.126,19.804,13.466,6.341,11.499,31.386
2020-05-22 1:00,1.212,37.304,38.293,7.364,33.983,25.507,8.475,11.275,34.883
2020-05-22 2:00,1.521,35.024,36.943,5.418,41.675,32.77,8.896,10.822,38.963
2020-05-22 3:00,0.971,28.498,29.421,9.011,21.222,13.654,7.579,10.321,40.707
2020-05-22 4:00,4.016,25.178,29.253,9.057,19.806,12.436,7.374,9.858,43.77
2020-05-22 5:00,2.633,24.925,27.967,9.506,20.419,12.026,8.397,9.676,43.741
2020-05-22 6:00,17.434,31.957,49.953,5.325,38.303,19.039,19.249,11.369,43.161
2020-05-22 7:00,22.297,32.415,53.924,13.54,49.377,37.375,11.988,15.919,31.669
2020-05-22 8:00,4.806,15.92,20.629,37.379,21.534,15.21,6.323,18.601,31.431
2020-05-22 9:00,5.291,13.71,19.009,35.58,29.779,22.065,7.719,21.063,37.801
2020-05-22 10:00,4.939,12.817,17.683,37.383,34.932,26.663,8.282,23.241,37.124
2020-05-22 11:00,5.71,14.702,21.09,41.898,31.39,23.176,8.213,23.481,30.943
2020-05-22 12:00,5.243,15.132,20.375,46.859,31.226,22.89,8.34,23.578,30.666
2020-05-22 13:00,3.032,11.385,14.775,55.025,29.763,21.696,8.072,23.53,31.444
2020-05-22 14:00,1.368,7.176,8.533,62.097,23.651,16.395,7.26,23.131,32.805
2020-05-22 15:00,0.85,5.478,6.328,63.273,22.323,14.262,8.061,23.248,31.574
2020-05-22 16:00,0.777,4.701,5.478,59.675,17.898,11.631,6.265,23.842,31.912
2020-05-22 17:00,0.461,3.831,4.292,58.225,21.287,14.274,7.01,23.782,33.423
2020-05-22 18:00,0.467,6.042,6.508,55.617,21.523,14.015,7.506,22.212,37.719
2020-05-22 19:00,0.445,7.476,7.921,53.291,23.458,15.98,7.483,21.522,39.08
2020-05-22 20:00,1.049,12.007,12.882,47.921,22.371,13.855,8.521,19.977,42.891
2020-05-22 21:00,1.472,19.224,20.713,34.723,25.625,15.62,10.003,18.769,48.295
2020-05-22 22:00,0.339,12.799,13.061,38.18,29.193,18.769,10.429,17.577,54.352
2020-05-22 23:00,1.378,19.46,21.234,26.317,29.196,17.659,11.537,16.125,61.006
2020-05-23 0:00,0.529,19.752,20.112,23.529,31.209,19.998,11.216,15.534,63.551
2020-05-23 1:00,0.116,17.451,17.563,21.193,28.969,17.297,11.675,14.708,66.99
2020-05-23 2:00,0.483,16.478,17.285,17.368,28.178,15.833,12.347,14.049,70.061
2020-05-23 3:00,0.29,18.458,18.748,14.37,30.684,17.973,12.714,13.394,72.577
2020-05-23 4:00,3.188,20.727,23.928,11.95,29.829,16.616,13.215,13.5,73.29
2020-05-23 5:00,1.003,17.862,19.067,12.288,29.42,16.554,12.873,13.434,74.358
2020-05-23 6:00,0.926,12.067,12.971,24.628,22.76,13.273,9.496,14.24,73.287
2020-05-23 7:00,0.899,6.604,7.503,34.438,20.629,12.598,8.032,18.018,60.489
2020-05-23 8:00,1.501,6.847,8.348,37.776,22.473,15.42,7.047,21.401,50.35
2020-05-23 9:00,1.334,6.067,7.4,45.241,25.465,17.374,8.095,22.74,45.551
2020-05-23 10:00,3.02,10.382,13.548,44.97,27.608,16.595,11.013,22.536,45.347
2020-05-23 11:00,1.817,8.199,10.016,53.466,27.723,16.314,11.407,23.144,41.901
2020-05-23 12:00,0.69,4.708,5.398,59.327,24.397,15.178,9.219,24.742,37.435
2020-05-23 13:00,0.981,5.508,6.44,59.107,20.337,11.369,8.967,24.553,38.631
2020-05-23 14:00,0.569,3.556,4.125,55.333,16.874,9.121,7.754,24.55,45.385
2020-05-23 15:00,0.603,3.983,4.586,55.305,19.209,9.397,9.814,24.283,47.125
2020-05-23 16:00,0.546,3.129,3.675,50.198,13.968,7.443,6.525,24.545,47.496
2020-05-23 17:00,0.584,3.076,3.66,46.305,12.958,7.519,5.432,23.91,50.192
2020-05-23 18:00,0.353,1.976,2.329,45.448,15.082,9.76,5.327,23.205,52.014
2020-05-23 19:00,0.245,2.532,2.776,45.515,14.181,8.905,5.277,22.472,51.351
2020-05-23 20:00,0.256,4.277,4.533,41.289,14.396,8.491,5.903,21.504,57.948
2020-05-23 21:00,0.34,13.843,13.966,28.742,39.593,29.325,10.303,20.047,64.484
2020-05-23 22:00,0.713,15.952,17.679,23.687,49.058,34.493,14.55,19.122,68.874
2020-05-23 23:00,4.048,27.487,31.181,11.474,50.551,29.466,20.965,18.053,73.837
2020-05-24 0:00,4.132,22.709,27.586,15.273,28.083,12.099,15.986,17.674,74.269
2020-05-24 1:00,2.296,23.937,26.121,20.477,29.387,15.8,13.583,17.73,68.05
2020-05-24 2:00,0.324,9.963,10.188,41.339,19.751,12.372,7.38,18.078,57.418
2020-05-24 3:00,1.041,12.183,13.621,42.232,19.225,12.697,6.525,18.027,54.61
2020-05-24 4:00,0.679,12.339,13.029,38.896,18.377,11.669,6.707,16.328,61.138
2020-05-24 5:00,1.556,9.834,11.053,40.316,18.901,12.168,6.73,14.853,58.55
2020-05-24 6:00,0.665,8.408,8.977,37.808,20.194,13.813,6.379,14.771,54.85
2020-05-24 7:00,2.003,12.1,14.027,33.604,20.726,14.084,6.639,15.695,53.228
2020-05-24 8:00,8.964,9.557,17.734,36.232,18.083,10.542,7.544,16.563,58.251
2020-05-24 9:00,2.067,4.713,6.587,36.899,17.862,9.277,8.584,18.726,60.488
2020-05-24 10:00,1.801,4.82,6.83,35.466,15.069,6.853,8.217,21.196,64.482
2020-05-24 11:00,0.694,2.033,2.714,33.142,11.175,5.458,5.716,22.825,63.38
2020-05-24 12:00,0.352,1.597,1.949,38.05,12.792,7.174,5.618,24.069,58.627
2020-05-24 13:00,3.653,6.418,9.262,35.777,15.339,8.121,7.218,22.959,60.493
2020-05-24 14:00,1.426,3.938,5.233,37.432,14.718,7.388,7.328,22.175,63.401
2020-05-24 15:00,1.539,3.971,5.51,36.893,14.868,8.363,6.506,22.473,62.265
2020-05-24 16:00,2.514,5.003,7.102,37.865,16.33,10.079,6.239,21.805,62.057
2020-05-24 17:00,0.876,3.194,4.07,41.587,12.808,7.031,5.772,21.214,61.629
2020-05-24 18:00,1.397,6.084,7.481,40.731,11.042,5.434,5.609,20.598,62.039
2020-05-24 19:00,0.588,6.594,7.081,40.477,12.084,6.98,5.103,19.838,63.229
2020-05-24 20:00,1.072,13.671,14.462,33.743,11.738,6.682,5.056,18.298,67.796
2020-05-24 21:00,0.833,14.476,15.584,31.601,16.637,10.75,5.889,16.907,71.61
2020-05-24 22:00,0.751,21.643,21.909,22.298,16.69,9.865,6.822,16.967,71.164
2020-05-24 23:00,0.328,19.991,20.318,21.195,16.228,8.592,7.629,17.668,69.943
2020-05-25 0:00,0.224,8.595,8.819,25.118,19.967,11.62,8.366,17.652,80.574
2020-05-25 1:00,0.284,15.893,16.336,18.53,17.833,8.513,9.325,17.411,89.708
2020-05-25 2:00,3.42,16.289,20.751,19.127,17.623,7.248,10.377,17.535,93.172
2020-05-25 3:00,10.51,30.661,41.174,4.621,17.479,6.773,10.707,17.473,93.637
2020-05-25 4:00,0.227,9.832,10.059,20.448,16.298,6.435,9.863,17.603,92.808
2020-05-25 5:00,0.329,5.826,6.155,26.814,15.757,6.106,9.651,18.87,86.92
2020-05-25 6:00,1.158,8.306,10.091,22.172,15.946,6.366,9.581,19.262,85.852
2020-05-25 7:00,2.433,8.672,10.955,21.281,17.794,7.812,9.982,20.625,80.816
2020-05-25 8:00,4.059,10.92,14.978,23.071,22.742,12.295,10.456,23.666,68.931
2020-05-25 9:00,5.979,9.844,15.981,30.593,32.032,18.796,13.239,25.366,59.273
2020-05-25 10:00,1.699,5.368,7.052,41.569,22.773,14.12,8.655,26.797,54.071
2020-05-25 11:00,0.56,2.995,3.555,50.686,17.457,10.575,6.88,28.939,46.487
2020-05-25 12:00,0.37,2.632,3.001,55.978,19.373,12.21,7.165,30.623,42.43
2020-05-25 13:00,0.608,6.12,6.728,56.48,26.106,14.943,11.165,28.945,50.733
2020-05-25 14:00,0.628,5.735,6.352,63.821,29.967,18.539,11.424,28.888,49.851
2020-05-25 15:00,0.288,3.713,4.001,65.81,25.067,14.53,10.532,29.796,46.844
2020-05-25 16:00,0.46,3.558,4.018,56.305,23.495,13.512,9.979,29.557,48.262
2020-05-25 17:00,0.516,4.422,5.029,55.928,25.489,15.403,10.084,29.181,49.386
2020-05-25 18:00,0.761,6.198,6.755,51.737,25.219,15.923,9.302,28.097,50.791
2020-05-25 19:00,0.588,9.79,10.295,44.134,20.557,10.978,9.576,26.435,52.625
2020-05-25 20:00,0.658,16.172,16.924,34.765,25.468,14.264,11.204,22.855,64.71
2020-05-25 21:00,0.258,20.13,20.454,32.867,26.769,14.564,12.221,20.983,71.736
2020-05-25 22:00,0.203,13.742,13.93,36.757,25.282,12.285,12.992,19.939,75.933
2020-05-25 23:00,0.15,13.02,13.367,38.314,21.118,8.87,12.247,19.003,76.917
2020-05-26 0:00,0.221,16.541,16.774,31.718,24.2,10.577,13.623,18.408,80.321
2020-05-26 1:00,0.151,13.045,13.191,34.463,25.014,9.955,15.058,18.035,83.117
2020-05-26 2:00,0.229,17.989,18.219,23.384,27.302,11.366,15.931,17.628,84.853
2020-05-26 3:00,0.167,9.473,9.64,35.004,27.939,12.403,15.535,17.397,85.784
2020-05-26 4:00,1.052,16.342,18.091,22.714,28.455,12.341,16.112,17.608,85.232
2020-05-26 5:00,6.48,30.776,36.18,10.367,29.356,10.913,18.445,17.387,86.327
2020-05-26 6:00,6.477,26.641,34.002,9.451,31.028,11.798,19.227,17.822,84.879
2020-05-26 7:00,5.146,18.148,23.767,23.773,28.487,11.696,16.789,19.983,75.866
2020-05-26 8:00,2.769,10.569,13.339,34.101,27.572,12.683,14.89,22.553,66.91
2020-05-26 9:00,5.207,15.704,20.789,31.193,28.015,14.878,13.139,25.236,59.008
2020-05-26 10:00,2.05,9.337,11.386,45.539,35.751,22.531,13.209,26.982,53.779
2020-05-26 11:00,1.51,7.344,8.672,56.419,31.035,19.491,11.546,28.361,49.074
2020-05-26 12:00,0.705,4.851,5.557,58.707,24.268,13.91,10.356,29.112,47.169
2020-05-26 13:00,0.496,3.788,4.284,60.13,23.849,13.389,10.456,30.082,45.22
2020-05-26 14:00,0.585,3.53,4.119,60.24,23.971,13.522,10.452,30.376,43.816
2020-05-26 15:00,0.641,3.432,4.073,58.93,25.565,16.324,9.233,31.02,39.573
2020-05-26 16:00,0.757,4.02,4.602,58.354,23.761,14.538,9.216,31.384,38.827
2020-05-26 17:00,0.623,3.638,4.243,57.691,23.146,13.828,9.318,31.248,38.527
2020-05-26 18:00,3.209,17.816,22.185,49.095,23.299,13.444,9.853,29.699,43.984
2020-05-26 19:00,2.67,21.273,23.283,45.47,24.45,13.118,11.333,24.834,58.98
2020-05-26 20:00,3.165,20.469,23.506,48.824,32.445,10.218,22.225,23.212,63.737
2020-05-26 21:00,1.827,22.641,24.04,37.684,20.585,9.323,11.262,22.071,69.106
2020-05-26 22:00,0.114,9.905,10.009,43.307,21.465,10.502,10.964,21.039,72.853
2020-05-26 23:00,0.124,7.812,7.936,40.997,21.304,9.654,11.649,20.45,75.535
2020-05-27 0:00,0.133,9.023,9.157,39.852,23.037,11.58,11.454,20.024,78.092
2020-05-27 1:00,0.066,18.453,18.519,29.535,29.816,17.455,12.361,19.986,79.46
2020-05-27 2:00,0.19,24.39,24.58,19.258,24.65,11.748,12.902,19.923,80.206
2020-05-27 3:00,1.18,21.277,23.249,19.367,24.295,10.988,13.308,19.235,82.196
2020-05-27 4:00,2.998,17.98,21.59,15.529,30.404,15.831,14.576,19.012,83.412
2020-05-27 5:00,2.995,19.729,22.661,6.987,34.034,18.364,15.667,18.728,84.897
2020-05-27 6:00,3.586,18.486,22.781,8.107,30.15,14.355,15.793,19.955,80.381
2020-05-27 7:00,9.043,25,34.908,15.784,31.345,17.203,14.136,23.452,66.877
2020-05-27 8:00,3.691,14.059,17.598,33.478,27.337,16.87,10.467,25.524,51.209
2020-05-27 9:00,3.902,13.372,16.929,39.821,30.54,20.896,9.648,26.544,43.919
2020-05-27 10:00,2.575,10.448,13.163,44.012,32.115,22.063,10.055,26.982,45.814
2020-05-27 11:00,1.219,7.071,8.195,50.198,36.978,26.828,10.151,26.892,46.989
2020-05-27 12:00,0.996,5.784,6.78,52.121,24.218,15.547,8.665,27.466,44.748
2020-05-27 13:00,0.995,5.665,6.882,53.348,24.042,15.628,8.415,27.066,46.83
2020-05-27 14:00,1.044,5.635,6.569,54.97,25.951,17.349,8.611,27.356,46.192
2020-05-27 15:00,0.51,3.244,3.754,53.953,19.92,12.059,7.859,28.023,43.534
2020-05-27 16:00,1.085,5.316,6.338,48.459,19.472,12.155,7.314,27.274,43.58
2020-05-27 17:00,1.31,5.634,7.088,48.361,17.817,11.769,6.042,28.171,37.963
2020-05-27 18:00,0.524,4.8,5.337,49.886,18.838,12.851,5.987,28.004,38.233
2020-05-27 19:00,0.836,9.483,10.263,54.397,21.38,12.18,9.203,25.109,51.291
2020-05-27 20:00,0.425,18.724,19.115,49.864,21.904,12.021,9.887,22.258,61.147
2020-05-27 21:00,0.518,25.958,26.446,42.232,22.297,11.331,10.961,20.97,66.161
2020-05-27 22:00,0.109,23.143,23.269,40.771,19.632,9.235,10.4,20.444,66.915
2020-05-27 23:00,0.644,30.029,31.193,34.101,22.231,11.026,11.205,20.096,68.624
2020-05-28 0:00,0.316,26.011,25.937,33.572,21.331,10.917,10.415,19.682,70.177
2020-05-28 1:00,0.102,11.847,11.955,35.12,18.572,10.56,8.012,20.531,66.651
2020-05-28 2:00,0.211,12.318,12.536,26.073,13.508,8.138,5.373,21.191,64.625
2020-05-28 3:00,0.227,8.538,8.764,26.958,12.653,7.576,5.075,20.806,66.533
2020-05-28 4:00,0.169,10.835,11.007,22.174,15.172,9.742,5.43,19.99,70.254
2020-05-28 5:00,5.609,20.368,26.493,13.074,18.387,12.098,6.286,19.426,73.415
2020-05-28 6:00,3.901,22.465,26.345,10.438,20.672,12.795,7.876,19.195,75.427
2020-05-28 7:00,4.32,17.904,21.707,14.606,16.373,8.481,7.892,18.782,77.104
2020-05-28 8:00,2.256,11.347,13.799,21.832,17.599,10.841,6.755,18.848,76.363
2020-05-28 9:00,2.072,7.959,9.85,25.034,21.068,15.057,5.995,20.182,71.254
2020-05-28 10:00,1.466,6.796,8.262,26.668,22.412,16.451,5.944,21.128,68.42
2020-05-28 11:00,2.516,6.702,9.164,29.578,21.244,15.266,5.982,22.836,63.483
2020-05-28 12:00,1.215,5.28,6.495,34.994,16.845,10.966,5.875,23.502,61.749
2020-05-28 13:00,0.753,5.814,6.567,34.011,19.368,13.163,6.203,21.094,74.409
2020-05-28 14:00,0.931,7.157,8.088,30.338,13.195,6.619,6.574,19.033,89.093
2020-05-28 15:00,1.748,10.325,12.054,29.832,12.02,5.646,6.373,18.713,91.271
2020-05-28 16:00,0.641,6.062,6.648,32.695,10.657,4.515,6.142,18.957,92.155
2020-05-28 17:00,0.989,7.343,8.149,29.502,8.132,3.206,4.926,19.25,91.373
2020-05-28 18:00,1.388,6.487,7.707,28.442,7.604,3.202,4.402,19.353,91.823
2020-05-28 19:00,0.712,6.157,6.95,26.423,6.213,2.533,3.68,19.326,91.27
2020-05-28 20:00,1.046,10.51,11.466,20.099,8.449,4.47,3.984,19.166,91.23
2020-05-28 21:00,0.285,9.196,9.481,25.233,9.865,4.538,5.324,18.582,91.355
2020-05-28 22:00,0.608,14.412,14.803,22.139,10.612,4.695,5.916,18.288,92.856
2020-05-28 23:00,0.465,12.46,12.925,16.5,10.219,5.114,5.106,18.164,92.973
2020-05-29 0:00,0.316,9.24,9.556,16.832,9.812,6.246,3.567,17.945,92.084
2020-05-29 1:00,0.553,10.89,11.324,19.046,7.437,4.397,3.045,17.886,91.6
2020-05-29 2:00,0.421,12.036,12.458,16.783,11.459,7.072,4.384,17.932,91.643
2020-05-29 3:00,0.161,6.971,7.132,24.193,9.376,5.265,4.107,18.267,89.844
2020-05-29 4:00,0.189,5.102,5.292,26.502,10.365,6.008,4.355,18.197,88.992
2020-05-29 5:00,0.376,6.854,7.23,25.357,10.755,5.903,4.853,18.109,88.175
2020-05-29 6:00,1.63,13.27,14.824,18.182,13.777,8.211,5.565,18.105,87.512
2020-05-29 7:00,3.33,13.044,16.375,22.644,14.56,9.21,5.349,19.536,80.02
2020-05-29 8:00,2.605,10.383,12.988,30.012,30.787,16.644,14.148,20.636,75.381
2020-05-29 9:00,3.122,11.872,14.994,26.934,98.463,48.942,49.351,21.077,74.321
2020-05-29 10:00,4.295,11.734,15.893,27.654,20.14,12.773,7.365,22.405,70.895
2020-05-29 11:00,3.024,12.627,15.24,22.604,18.982,10.276,8.71,19.912,87.736
2020-05-29 12:00,3.169,10.191,13.361,27.287,14.898,7.263,7.636,20.061,87.517
2020-05-29 13:00,2.587,7.433,10.02,41.221,13.102,7.322,5.78,21.856,74.557
2020-05-29 14:00,1.624,6.358,8.338,43.14,15.862,9.931,5.928,21.663,75.021
2020-05-29 15:00,1.283,5.524,6.769,48.648,16.52,10.003,6.527,23.14,66.891
2020-05-29 16:00,0.689,3.891,4.581,44.573,12.697,7.944,4.752,19.901,76.553
2020-05-29 17:00,0.488,2.909,3.396,33.677,6.852,4.372,2.48,17.662,82.257
2020-05-29 18:00,0.518,2.032,2.658,32.94,6.889,3.435,3.453,16.004,83.389
2020-05-29 19:00,0.347,1.987,2.321,35.309,7.766,3.705,4.062,16.025,76.376
2020-05-29 20:00,0.214,2.015,2.228,38.151,8.162,4.177,3.984,15.393,75.096
2020-05-29 21:00,0.326,2.064,2.371,35.765,8.493,4.059,4.432,14.949,76.566
2020-05-29 22:00,0.24,2.377,2.617,32.062,9.077,5.041,4.035,14.971,77.084
2020-05-29 23:00,0.153,2.029,2.182,31.177,8.147,4.54,3.606,14.513,76.77
2020-05-30 0:00,0.215,2.583,2.798,28.916,8.316,4.751,3.565,13.922,78.632
2020-05-30 1:00,-0.007,6.086,6.071,29.636,7.703,4.461,3.244,13.529,79.528
2020-05-30 2:00,0.114,3.079,3.193,27.341,8.534,5.236,3.299,12.765,83.357
2020-05-30 3:00,0.107,3.158,3.265,21.914,9.753,5.546,4.208,12.365,84.761
2020-05-30 4:00,0.114,3.233,3.347,20.594,9.015,4.939,4.077,12.129,85.368
2020-05-30 5:00,0.601,5.952,6.553,13.959,10.14,5.445,4.694,11.893,86.384
2020-05-30 6:00,0.58,8.412,8.992,10.916,11.526,6.224,5.302,12.277,85.117
2020-05-30 7:00,2.156,10.368,12.524,11.328,12.454,6.438,6.018,12.89,82.853
2020-05-30 8:00,3.347,9.366,12.713,17.424,10.994,5.331,5.662,14.783,74.539
2020-05-30 9:00,2.362,7.713,10.075,27.666,10.637,6.017,4.622,16.04,65.829
2020-05-30 10:00,1.026,5.033,6.06,37.009,12.104,8.074,4.032,16.758,62.307
2020-05-30 11:00,1.191,5.664,6.856,39.221,12.323,7.747,4.569,16.245,68.782
2020-05-30 12:00,0.901,4.087,4.988,37.985,13.256,7.861,5.394,18.154,60.453
2020-05-30 13:00,0.586,1.873,2.459,30.851,11.862,7.034,4.834,17.635,58.673
2020-05-30 14:00,0.48,1.499,1.979,29.154,12.489,7.944,4.546,17.971,54.602
2020-05-30 15:00,0.597,1.441,2.038,18.369,8.729,5.004,3.726,15.956,61.459
2020-05-30 16:00,0.619,1.251,1.87,14.751,8.693,5.69,3.002,14.743,61.629
2020-05-30 17:00,0.606,1.215,1.821,20.716,7.426,4.321,3.102,15.22,52.373
2020-05-30 18:00,0.472,1.418,1.889,25.482,9.807,7.744,2.069,14.913,43.99
2020-05-30 19:00,0.44,1.885,2.325,24.672,5.877,3.986,1.895,13.41,48.515
2020-05-30 20:00,0.459,2.257,2.716,22.716,5.25,3.429,1.82,12.18,53.919
2020-05-30 21:00,0.272,2.782,3.054,20.697,5.419,3.549,1.872,11.113,58.714
2020-05-30 22:00,0.322,3.069,3.391,19.918,5.937,3.821,2.119,10.238,61.768
2020-05-30 23:00,0.289,2.582,2.871,19.08,4.634,2.566,2.069,9.367,65.695
2020-05-31 0:00,0.837,3.671,4.7,16.946,4.329,2.247,2.081,8.622,68.5
2020-05-31 1:00,0.061,7.2,7.252,13.208,6.386,3.717,2.67,7.759,72.765
2020-05-31 2:00,0.297,5.408,5.706,13.332,7.191,3.791,3.402,7.301,74.994
2020-05-31 3:00,0.071,2.635,2.706,18.18,6.115,2.651,3.465,6.918,75.241
2020-05-31 4:00,0.159,1.6,1.759,21.135,6.107,3.307,2.798,6.847,77.234
2020-05-31 5:00,0.386,2.417,2.802,21.364,5.268,2.315,2.951,6.696,77.177
2020-05-31 6:00,0.431,2.687,3.118,25.393,4.279,2.834,1.447,7.87,68.917
2020-05-31 7:00,0.539,1.689,2.229,26.526,2.663,1.361,1.303,10.072,61.086
2020-05-31 8:00,0.799,1.63,2.429,26.907,3.368,2.313,1.053,11.825,47.985
2020-05-31 9:00,0.733,1.58,2.313,30.253,2.911,1.924,0.982,13.194,38.008
2020-05-31 10:00,0.442,1.042,1.484,31.898,3.963,2.712,1.249,13.841,36.576
2020-05-31 11:00,0.505,1.032,1.537,33.507,5.9,4.452,1.449,13.91,38.698
2020-05-31 12:00,0.451,1.136,1.587,35.915,5.599,3.808,1.795,14.519,36.802
2020-05-31 13:00,0.423,1.117,1.539,37.437,7.073,5.147,1.927,15.001,34.675
2020-05-31 14:00,0.426,1.022,1.448,37.072,7.437,5.602,1.836,15.144,32.853
2020-05-31 15:00,0.472,0.989,1.462,37.311,7.633,5.691,1.942,15.217,32.689
2020-05-31 16:00,0.442,1.149,1.591,37.904,8.167,6.089,2.077,15.628,31.556
2020-05-31 17:00,0.342,1.744,2.086,35.903,5.435,3.232,2.205,14.097,36.76
2020-05-31 18:00,0.384,2.051,2.435,32.964,6.58,4.143,2.44,13.702,40.642
2020-05-31 19:00,0.392,2.075,2.467,32.831,6.674,3.916,2.758,13.591,41.375
2020-05-31 20:00,0.456,3.306,3.744,31.571,8.177,5.013,3.165,12.845,43.036
2020-05-31 21:00,0.29,3.565,3.855,32.465,8.216,4.916,3.3,12.574,43.707
2020-05-31 22:00,0.241,3.487,3.728,33.154,8.884,5.527,3.353,12.279,45.466
2020-05-31 23:00,0.389,3.591,4.241,33.172,7.432,4.021,3.412,12.011,46.413
2020-06-01 0:00,0.232,4.801,5.034,30.971,8.065,4.715,3.35,11.922,46.868
2020-06-01 1:00,-0.009,8.312,8.296,30.941,8.417,5.204,3.214,11.542,45.254
2020-06-01 2:00,0.246,5.757,5.996,29.252,8.345,5.102,3.247,10.278,48.321
2020-06-01 3:00,0.208,4.833,5.042,28.38,8.677,5.163,3.516,10.026,49.165
2020-06-01 4:00,0.254,4.995,5.249,26.415,9.895,6.206,3.691,9.756,50.365
2020-06-01 5:00,0.464,7.213,7.677,21.88,11.307,7.568,3.731,9.318,54.847
2020-06-01 6:00,1.463,8.349,9.816,19.386,11.06,7.311,3.75,8.416,60.204
2020-06-01 7:00,2.976,9.419,12.623,20.185,15.674,11.3,4.379,9.664,59.503
2020-06-01 8:00,2.507,5.722,8.385,28.074,12.965,9.109,3.853,13.648,47.916
2020-06-01 9:00,3.597,6.623,10.185,29.074,25.128,20.538,4.588,15.843,42.271
2020-06-01 10:00,1.212,3.1,4.534,35.505,14.028,10.571,3.459,18.712,34.765
2020-06-01 11:00,3.058,5.823,8.889,35.013,19.172,14.548,4.634,18.847,34.297
2020-06-01 12:00,6.543,11.082,17.65,30.543,30,22.961,7.041,18.501,38.622
2020-06-01 13:00,4.3,7.925,12.285,38.787,26.716,20.659,6.064,19.504,34.687
2020-06-01 14:00,1.929,5.11,6.6,45.62,23.582,18.74,4.834,21.393,28.844
2020-06-01 15:00,0.737,2.403,3.232,46.877,20.4,16.086,4.316,23.208,25.29
2020-06-01 16:00,0.953,2.332,3.299,45.769,22.693,18.241,4.451,23.725,24.849
2020-06-01 17:00,0.641,2.021,2.605,43.831,16.274,12.021,4.253,23.712,23.779
2020-06-01 18:00,0.645,2.096,2.841,43.131,13.479,9.163,4.315,23.016,24.617
2020-06-01 19:00,0.445,2.072,2.549,42.854,13.793,9.479,4.315,21.444,27.295
2020-06-01 20:00,0.502,3.475,4.063,42.101,15.803,11.393,4.41,20.116,29.5
2020-06-01 21:00,0.639,9.225,10.078,35.954,20.378,15.094,5.284,18.595,33.52
2020-06-01 22:00,0.951,15.245,16.99,26.551,19.108,12.962,6.154,16.276,40.064
2020-06-01 23:00,0.235,9.295,9.53,38.244,21.149,16.167,4.981,16.599,40.209
2020-06-02 0:00,0.164,8,8.164,37.568,21.745,17.073,4.673,16.727,39.737
2020-06-02 1:00,0.033,12.694,12.73,33.317,20.496,15.364,5.129,16.584,40.318
2020-06-02 2:00,0.156,9.91,10.066,34.638,20.154,15.33,4.825,16.792,38.519
2020-06-02 3:00,0.24,7.995,8.159,36.104,17.69,12.905,4.788,16.705,41.394
2020-06-02 4:00,0.152,5.367,5.519,40.077,18.183,12.931,5.254,16.02,52.106
2020-06-02 5:00,0.286,4.992,5.278,39.489,13.262,7.441,5.822,14.728,66.046
2020-06-02 6:00,0.3,5.914,6.033,38.198,12.454,6.633,5.821,13.997,75.167
2020-06-02 7:00,0.606,15.367,16.165,30.143,16.772,9.742,7.031,14.024,75.359
2020-06-02 8:00,2.001,14.943,17.592,28.259,18.681,11.564,7.117,13.712,75.005
2020-06-02 9:00,2.011,15.731,17.738,27.657,20.897,13.86,7.035,13.705,75.487
2020-06-02 10:00,1.87,12.326,14.195,35.71,24.243,13.958,10.296,14.379,73.594
2020-06-02 11:00,2.176,7.432,9.608,44.804,19.135,13.056,6.069,16.321,65.023
2020-06-02 12:00,2.027,6.718,8.653,48.77,20.522,13.754,6.767,18.859,56.409
2020-06-02 13:00,1.861,6.965,8.826,53.601,22.523,15.132,7.39,20.081,51.295
2020-06-02 14:00,1.118,6.508,7.597,56.8,24.785,17.161,7.624,21.067,48.687
2020-06-02 15:00,1.074,6.491,7.512,60.56,22.87,15.605,7.268,22.117,47.595
2020-06-02 16:00,0.638,5.123,5.761,60.754,23.538,16.878,6.662,22.443,48.241
2020-06-02 17:00,0.448,3.96,4.408,60.131,20.063,13.775,6.29,22.415,49.911
2020-06-02 18:00,0.761,7.586,8.291,54.895,20.2,13.904,6.299,21.559,51.939
2020-06-02 19:00,0.541,8.715,9.256,50.232,16.712,10.577,6.134,17.735,59.719
2020-06-02 20:00,0.324,9.978,10.474,49.289,16.528,10.361,6.17,15.609,64.4
2020-06-02 21:00,0.263,6.002,6.702,51.966,17.811,11.19,6.622,14.623,72
2020-06-02 22:00,1.339,16.078,17.73,39.933,17.254,9.588,7.666,13.673,82.439
2020-06-02 23:00,0.129,8.415,8.544,44.71,16.048,7.786,8.26,13.171,87
2020-06-03 0:00,2.064,17.351,21.232,34.051,15.125,7.222,7.904,13.355,84.92
2020-06-03 1:00,0.035,12.066,12.095,34.021,15.27,7.516,7.755,13.592,82.989
2020-06-03 2:00,0.134,8.539,8.673,29.193,16.841,8.047,8.792,13.58,84.232
2020-06-03 3:00,0.503,8.293,9.287,23.966,14.569,6.438,8.131,13.156,86.049
2020-06-03 4:00,0.587,8.615,9.533,21.461,16.216,7.172,9.041,13.188,86.526
2020-06-03 5:00,0.637,11.398,12.035,15.726,19.713,9.79,9.92,13.444,86.854
2020-06-03 6:00,0.605,17.135,17.74,13.837,23.708,10.318,13.388,14.226,88.454
2020-06-03 7:00,0.875,16.683,17.558,22.057,20.594,7.746,12.848,15.396,89
2020-06-03 8:00,1.054,9.576,10.25,32.664,17.283,7.722,9.562,16.118,87.879
2020-06-03 9:00,3.866,17.476,21.333,21.23,22.937,11.479,11.458,16.69,89.336
2020-06-03 10:00,4.705,12.784,17.466,26.679,22.824,9.81,13.016,17.994,86.899
2020-06-03 11:00,3.695,10.951,14.646,30.187,24.934,12.069,12.865,20.781,76.861
2020-06-03 12:00,1.422,4.553,6.026,39.675,24.188,12.702,11.488,24.014,62.525
2020-06-03 13:00,0.721,2.646,3.367,41.857,27.485,15.774,11.711,24.864,56.102
2020-06-03 14:00,0.694,2.807,3.501,42.906,27.295,14.7,12.596,26.091,52.135
2020-06-03 15:00,0.522,2.528,3.146,45.271,27.354,14.743,12.605,27.302,48.015
2020-06-03 16:00,0.469,2.809,3.278,46.215,27.428,14.407,13.015,26.949,48.263
2020-06-03 17:00,0.498,2.787,3.285,46.459,26.391,13.969,12.423,26.138,49.308
2020-06-03 18:00,0.38,2.219,2.599,43.563,26.408,15.328,11.086,25.567,49.426
2020-06-03 19:00,0.387,2.39,2.745,39.522,20.108,12.287,7.822,23.306,44.934
2020-06-03 20:00,0.232,3.405,3.637,37.832,15.268,8.14,7.126,21.941,48.656
2020-06-03 21:00,3.608,9.672,12.98,30.516,17.173,8.697,8.473,20.241,56.895
2020-06-03 22:00,0.915,12.088,12.873,21.587,18.718,9.403,9.314,18.642,65.473
2020-06-03 23:00,1.096,14.37,15.433,17.312,20.682,10.434,10.251,17.76,71.722
2020-06-04 0:00,0.898,14.989,15.925,14.395,22.536,10.516,12.016,16.968,76.981
2020-06-04 1:00,0.173,12.559,12.736,20.005,21.142,10.337,10.812,16.909,73.79
2020-06-04 2:00,0.165,8.403,8.567,23.874,18.366,8.608,9.755,17.914,66.32
2020-06-04 3:00,0.106,5.83,5.936,25.039,17.009,8.177,8.832,17.606,65.461
2020-06-04 4:00,0.348,7.503,7.851,21.651,16.915,7.812,9.107,16.87,68.077
2020-06-04 5:00,2.154,10.078,12.429,17.96,17.006,7.79,9.22,16.139,70.949
2020-06-04 6:00,1.786,11.506,13.049,18.379,23.109,13.633,9.475,16.957,66.827
2020-06-04 7:00,4.661,13.798,18.456,18.461,30.495,20.39,10.099,19.57,57.165
2020-06-04 8:00,12.962,20.217,34.121,19.495,33.938,22.825,11.11,22.097,49.822
2020-06-04 9:00,5.144,16.32,21.437,28.36,32.869,21.467,11.41,23.825,47.42
2020-06-04 10:00,3.232,10.522,13.558,42.105,30.93,21.13,9.798,26.836,40.129
2020-06-04 11:00,0.906,4.545,5.451,55.243,27.083,18.591,8.499,28.073,35.678
2020-06-04 12:00,1.566,5.812,7.121,56.733,28.032,19.034,8.979,29.193,32.824
2020-06-04 13:00,0.53,2.777,3.231,62.221,22.987,15.698,7.294,29.967,30.048
2020-06-04 14:00,0.949,5.606,6.741,66.697,29.198,20.228,8.958,28.798,34.345
2020-06-04 15:00,0.808,6.521,7.329,69.267,33.776,22.857,10.922,27.817,42.839
2020-06-04 16:00,0.708,5.836,6.545,68.6,33.744,23.992,9.753,27.873,41.093
2020-06-04 17:00,0.743,7.243,7.987,63.952,30.059,20.953,9.106,26.875,41.54
2020-06-04 18:00,0.542,5.981,6.517,59.385,26.779,17.917,8.865,25.645,48.063
2020-06-04 19:00,0.51,6.841,7.294,55.128,27.384,19.269,8.117,25.087,51.705
2020-06-04 20:00,0.407,10.933,11.34,49.826,28.894,19.828,9.065,24.178,55.843
2020-06-04 21:00,0.169,11.852,12.022,46.781,26.136,16.728,9.402,23.137,60.338
2020-06-04 22:00,0.249,14.206,14.455,40.464,25.068,15.201,9.867,22.357,64.454
2020-06-04 23:00,0.311,9.585,9.897,39.865,21.501,13.013,8.492,21.103,69.181
2020-06-05 0:00,0.153,10.456,10.609,30.243,23.473,12.92,10.557,19.894,68.754
2020-06-05 1:00,0.255,12.362,12.614,24.957,20.386,10.152,10.231,18.879,67.214
2020-06-05 2:00,0.127,8.931,9.058,23.34,21.652,10.958,10.694,17.888,70.344
2020-06-05 3:00,0.12,6.666,6.786,25.451,22.905,12.411,10.499,17.269,69.896
2020-06-05 4:00,1.928,16.003,17.883,11.949,20.859,9.778,11.08,16.41,74.732
2020-06-05 5:00,2.376,18.75,21.618,7.214,23.71,11.862,11.847,15.715,77.7
2020-06-05 6:00,5.142,18.864,24.006,6.543,30.816,18.01,12.821,17.188,71.721
2020-06-05 7:00,16.203,23.846,41.187,9.902,41.683,26.906,14.785,20.343,61.59
2020-06-05 8:00,15.257,25.472,39.809,19.29,45.668,30.135,15.537,22.816,59.872
2020-06-05 9:00,4.082,14.474,18.585,40.663,30.633,18.424,12.212,24.618,56.957
2020-06-05 10:00,4.52,15.738,20.149,44.07,39.662,26.768,12.874,25.74,56.526
2020-06-05 11:00,3.107,13.003,16.39,49.538,33.506,21.293,12.217,26.123,57.372
2020-06-05 12:00,1.798,9.773,11.619,59.693,32.202,20.06,12.134,27.102,55.86
2020-06-05 13:00,0.751,5.746,6.496,61.02,24.764,16.289,8.477,24.268,54.476
2020-06-05 14:00,0.906,5.647,6.553,61.455,24.636,12.815,11.818,26.347,57.62
2020-06-05 15:00,1.112,5.473,6.584,53.721,20.459,10.619,9.842,25.542,62.143
2020-06-05 16:00,0.948,5.461,6.399,58.786,22.652,13.738,8.923,25.899,54.659
2020-06-05 17:00,0.898,6.839,7.621,63.061,16.764,9.507,7.258,25.218,49.771
2020-06-05 18:00,0.519,6.989,7.508,62.894,18.745,11.082,7.671,25.573,52.666
2020-06-05 19:00,0.329,6.045,6.374,62.42,21.062,12.908,8.153,25.103,56.21
2020-06-05 20:00,0.372,7.8,8.172,56.271,18.958,11.018,7.943,23.16,63.19
2020-06-05 21:00,0.372,8.298,8.802,54.93,18.503,12.539,5.965,22.912,62.745
2020-06-05 22:00,0.142,7.524,7.665,41.225,22.306,13.871,8.434,22.571,58.895
2020-06-05 23:00,0.158,4.986,5.144,35.341,19.661,11.12,8.54,20.649,59.289
2020-06-06 0:00,0.17,5.497,5.666,34.565,18.059,9.363,8.695,19.487,62.117
2020-06-06 1:00,0.102,9.353,9.259,32.928,16.315,7.864,8.45,19.072,61.703
2020-06-06 2:00,0.094,6.209,6.304,32.916,16.749,8.35,8.401,19.568,58.148
2020-06-06 3:00,0.112,3.665,3.777,37.305,13.427,5.907,7.52,18.519,60.574
2020-06-06 4:00,0.138,2.936,3.074,35.572,13.627,7.284,6.348,17.417,58.328
2020-06-06 5:00,0.256,2.993,3.249,33.13,11.788,5.576,6.214,16.211,58.147
2020-06-06 6:00,0.313,3.046,3.36,31.896,14.021,7.85,6.17,16.301,58.707
2020-06-06 7:00,0.406,2.817,3.223,33.943,14.789,8.981,5.811,18.614,52.872
2020-06-06 8:00,0.46,2.671,3.131,39.318,14.834,9.719,5.114,21.392,45.288
2020-06-06 9:00,0.479,2.503,2.982,45.105,14.417,9.687,4.726,23.431,39.664
2020-06-06 10:00,0.34,1.902,2.242,48.346,13.408,8.836,4.57,23.871,39.113
2020-06-06 11:00,0.395,2.058,2.453,51.071,13.677,9.44,4.238,24.812,37.328
2020-06-06 12:00,0.345,1.832,2.178,51.187,14.811,10.627,4.183,25.566,34.806
2020-06-06 13:00,0.417,1.986,2.514,48.894,12.505,8.415,4.089,25.808,34.15
2020-06-06 14:00,1.646,3.586,5.241,50.434,134.954,39.855,94.993,24.931,36.566
2020-06-06 15:00,1.443,2.876,4.114,49.062,64.362,23.249,41.146,24.66,38.872
2020-06-06 16:00,0.392,1.889,2.281,45.377,14.516,10.627,3.895,24.411,34.709
2020-06-06 17:00,0.302,1.748,2.05,46.062,17.717,13.637,4.083,23.478,35.838
2020-06-06 18:00,0.289,1.667,1.956,44.836,15.368,10.706,4.664,22.026,40.663
2020-06-06 19:00,0.216,1.737,1.953,42.106,13.978,8.663,5.314,20.026,46.89
2020-06-06 20:00,0.215,1.969,2.184,37.397,13.709,8.143,5.57,18.445,52.373
2020-06-06 21:00,0.202,2.121,2.323,32.041,12.553,7.279,5.278,17.321,56.787
2020-06-06 22:00,0.235,2.598,2.833,26.788,11.062,6.271,4.789,16.221,61.871
2020-06-06 23:00,0.2,2.869,3.069,24.714,10.104,4.872,5.232,15.114,67.108
2020-06-07 0:00,0.19,3.011,3.201,23.38,10.19,4.597,5.593,14.277,70.685
2020-06-07 1:00,0.078,5.415,5.502,21.34,11.446,5.789,5.655,13.645,73.185
2020-06-07 2:00,0.11,3.594,3.704,20.776,10.857,5.251,5.605,13.097,74.654
2020-06-07 3:00,0.191,2.651,2.842,19.57,9.589,4.363,5.224,12.468,74.866
2020-06-07 4:00,0.3,3.412,3.713,18.693,9.354,4.65,4.704,11.906,72.801
2020-06-07 5:00,0.276,2.06,2.337,19.295,8.463,5.371,3.097,11.24,70.131
2020-06-07 6:00,0.531,1.854,2.385,17.281,8.787,6.234,2.556,11.997,68.225
2020-06-07 7:00,0.628,1.4,2.028,16.001,7.898,5.724,2.176,13.285,63.339
2020-06-07 8:00,0.583,1.247,1.83,16.615,8.152,5.986,2.163,15.18,56.339
2020-06-07 9:00,0.593,1.243,1.836,18.89,6.286,3.968,2.317,17.479,49.116
2020-06-07 10:00,0.492,1.076,1.502,21.204,7.999,5.242,2.754,18.651,46.382
2020-06-07 11:00,0.45,1.057,1.496,24.151,9.307,6.306,3.002,19.29,43.837
2020-06-07 12:00,0.439,1.062,1.482,26.618,7.962,4.783,3.177,20.031,41.141
2020-06-07 13:00,0.432,1.13,1.578,28.153,9.479,6.137,3.341,20.995,39.769
2020-06-07 14:00,0.368,1.043,1.423,30.746,7.583,4.423,3.16,21.366,37.419
2020-06-07 15:00,0.467,1.155,1.657,33.07,8.616,5.483,3.129,21.767,35.182
2020-06-07 16:00,0.539,1.533,2.193,36.163,64.273,23.594,40.662,22.022,32.859
2020-06-07 17:00,0.385,1.469,1.844,35.983,23.183,9.402,13.781,21.838,33.831
2020-06-07 18:00,0.447,1.945,2.48,34.288,9.073,5.684,3.387,20.451,37.31
2020-06-07 19:00,0.344,2.003,2.347,32.312,8.491,5.248,3.244,19.02,39.884
2020-06-07 20:00,0.369,2.659,3.029,27.209,9.459,5.914,3.546,17.667,47.218
2020-06-07 21:00,0.313,3.246,3.559,17.474,11.097,7.064,4.033,15.594,59.736
2020-06-07 22:00,0.377,2.894,3.271,14.553,11.188,7.073,4.119,14.189,63.018
2020-06-07 23:00,0.285,2.167,2.452,15.289,7.612,3.967,3.642,13.19,62.149
2020-06-08 0:00,0.22,1.521,1.741,16.063,7.625,4.368,3.256,12.488,61.878
2020-06-08 1:00,0.041,4.322,4.36,15.018,6.771,3.512,3.258,11.968,63.441
2020-06-08 2:00,0.095,2.344,2.439,15.554,7.484,4.17,3.312,11.59,64.767
2020-06-08 3:00,0.207,1.969,2.176,15.677,6.715,3.355,3.36,11.202,66.63
2020-06-08 4:00,0.258,2.114,2.371,15.14,7.014,3.564,3.45,10.619,70.173
2020-06-08 5:00,0.377,3.906,4.283,13.282,7.108,3.645,3.467,10.203,73.466
2020-06-08 6:00,1.502,5.829,7.331,11.447,10.429,6.468,3.961,11.886,70.838
2020-06-08 7:00,4.031,6.65,10.66,12.265,21.284,16.402,4.893,15.21,59.96
2020-06-08 8:00,3.835,5.527,9.296,16.524,27.634,21.876,5.746,18.208,48.94
2020-06-08 9:00,2.301,3.849,6.169,20.272,15.951,11.272,4.68,19.278,42.789
2020-06-08 10:00,4.306,3.997,8.25,22.515,24.748,18.061,6.679,19.483,38.473
2020-06-08 11:00,1.216,2.193,3.408,24.703,14.33,9.415,4.92,19.39,36.6
2020-06-08 12:00,0.823,1.712,2.535,26.46,12.581,8.5,4.081,19.858,34.328
2020-06-08 13:00,0.838,1.638,2.477,27.733,11.899,7.98,3.92,20.605,32.822
2020-06-08 14:00,1.216,2.687,3.903,29.974,16.281,11.505,4.78,21.585,31.761
2020-06-08 15:00,1.56,3.286,4.719,31.001,13.327,8.76,4.564,22.43,31.22
2020-06-08 16:00,1.664,4.413,6.33,35.465,18.614,13.159,5.456,22.768,31.886
2020-06-08 17:00,1.109,3.952,5.061,36.553,18.512,13.1,5.411,23.106,31.643
2020-06-08 18:00,0.746,4.176,4.922,41.477,15.429,10.293,5.137,22.731,31.437
2020-06-08 19:00,1.014,7.118,8.132,39.436,17.007,11.722,5.287,21.608,33.7
2020-06-08 20:00,0.456,5.586,6.034,30.863,13.531,9.186,4.343,20.06,35.055
2020-06-08 21:00,0.914,15.401,16.466,19.38,16.337,10.942,5.4,18.825,35.875
2020-06-08 22:00,2.168,15.953,18.666,22.194,21.118,15.7,5.424,17.597,39.435
2020-06-08 23:00,1.897,25.257,27.156,8.797,35.528,27.855,7.714,16.496,46.968
2020-06-09 0:00,6.805,33.561,40.783,2.151,64.654,53.86,10.796,15.843,53.897
2020-06-09 1:00,0.134,19.087,19.213,18.676,32.835,24.759,7.993,15.65,61.735
2020-06-09 2:00,0.46,20.118,20.184,14.856,20.736,14.253,6.482,15.573,62.504
2020-06-09 3:00,0.949,14.663,16.156,16.558,19.37,12.748,6.622,15.1,64.131
2020-06-09 4:00,4.233,18.043,23.028,12.132,21.707,14.715,6.994,14.978,64.323
2020-06-09 5:00,6.924,25.358,30.794,1.8,25.995,17.837,8.162,14.325,68.695
2020-06-09 6:00,8.821,20.925,29.629,4.795,21.787,13.233,8.55,15.276,65.444
2020-06-09 7:00,21.005,23.344,44.764,8.977,33.849,24.251,9.602,18.423,53.542
2020-06-09 8:00,20.83,25.71,46.601,13.627,41.979,32.268,9.719,21.74,43.14
2020-06-09 9:00,10.961,19.824,30.817,22.644,28.551,21.75,6.803,24.519,36.453
2020-06-09 10:00,5.773,14.778,20.557,35.075,32.987,27.331,5.659,27.772,31.869
2020-06-09 11:00,1.981,8.777,10.622,51.332,37.857,31.623,6.223,29.744,31.704
2020-06-09 12:00,0.667,5.062,5.729,64.764,27.634,21.707,5.915,32.022,29.555
2020-06-09 13:00,0.699,6.402,7.1,75.221,29.629,22.636,6.975,32.256,27.813
2020-06-09 14:00,0.763,8.465,9.202,86.979,38.654,30.337,8.313,31.766,29.45
2020-06-09 15:00,0.4,5.814,6.214,90.505,39.185,31.698,7.512,31.195,30.496
2020-06-09 16:00,0.321,4.001,4.323,84.522,30.986,24.746,6.243,30.643,31.488
2020-06-09 17:00,0.431,4.558,5.087,79,25.301,19.547,5.761,29.964,32.888
2020-06-09 18:00,0.475,4.783,5.292,74.908,27.578,21.041,6.541,28.911,35.781
2020-06-09 19:00,0.313,7.457,7.591,75.298,25.281,18.807,6.478,27.475,38.901
2020-06-09 20:00,0.164,11.371,11.539,71.74,42.973,35.258,7.5,25.99,40.616
2020-06-09 21:00,0.157,25.289,25.403,59.908,27.729,20.823,6.9,23.655,46.423
2020-06-09 22:00,0.201,7.671,7.792,68.924,18.784,12.809,5.976,20.193,61.671
2020-06-09 23:00,0.097,4.953,5.114,72.215,18.888,12.761,6.131,19.409,56.243
2020-06-10 0:00,0.163,5.43,5.592,63.348,22.245,15.943,6.302,19.354,57.328
2020-06-10 1:00,0.576,6.917,7.384,45.767,21.088,14.24,6.848,19.333,62.409
2020-06-10 2:00,1.464,5.661,7.321,41.834,22.342,15.268,7.07,19.468,60.813
2020-06-10 3:00,1.167,4.713,6.118,41.464,18.451,11.582,6.874,19.357,60.66
2020-06-10 4:00,0.13,2.725,2.857,42.326,15.506,8.899,6.609,19.149,62.106
2020-06-10 5:00,0.451,5.94,6.387,39.313,18.455,11.105,7.35,17.978,73.085
2020-06-10 6:00,1.5,13.703,14.97,26.3,17.495,8.902,8.59,16.491,89.097
2020-06-10 7:00,1.341,12.306,13.289,25.094,17.235,8.252,8.981,16.599,89.063
2020-06-10 8:00,5.21,15.5,20.102,24.938,14.586,6.559,8.029,17.734,81.978
2020-06-10 9:00,3.433,8.686,12.16,32.778,15.351,7.368,7.983,19.924,72.037
2020-06-10 10:00,3.426,8.712,11.628,36.719,15.982,7.252,8.731,21.913,67.088
2020-06-10 11:00,2.801,8.071,10.356,41.447,18.414,8.633,9.776,23.363,64.459
2020-06-10 12:00,2.732,8.195,10.91,44.614,19.411,8.875,10.541,24.996,62.507
2020-06-10 13:00,1.069,5.217,6.286,46.279,25.732,13.498,12.236,28.136,59.957
2020-06-10 14:00,1.15,4.629,5.779,29.196,26.769,13.191,13.578,29.441,57.968
2020-06-10 15:00,1.128,4.312,5.439,35.268,27.61,14.342,13.273,30.007,55.153
2020-06-10 16:00,1.027,4.049,5.076,48.244,27.995,15.353,12.637,30.368,52.672
2020-06-10 17:00,0.894,4.008,4.766,51.278,25.026,12.195,12.83,30.443,51.912
2020-06-10 18:00,0.57,3.171,3.715,40.36,26.692,13.568,13.124,30.408,51.479
2020-06-10 19:00,0.272,2.649,2.921,36.65,23.441,11.223,12.217,29.498,53.972
2020-06-10 20:00,0.215,3.294,3.509,38.402,31.384,21.224,10.166,27.21,54.789
2020-06-10 21:00,0.218,2.505,2.723,50.228,13.685,8.084,5.608,20.623,76.779
2020-06-10 22:00,0.163,3.59,3.75,45.612,11.684,6.355,5.324,19.663,82.772
2020-06-10 23:00,0.203,5.972,6.232,41.508,10.371,5.048,5.322,18.614,91.4
2020-06-11 0:00,1.114,18.016,19.695,31.18,12.15,6.402,5.747,18.179,91.851
2020-06-11 1:00,0.176,9.369,9.542,46.892,10.03,5.091,4.94,17.456,91.22
2020-06-11 2:00,0.167,5.87,6.037,48.725,9.746,4.946,4.799,17.866,92.794
2020-06-11 3:00,0.108,6.278,6.386,46.819,12.869,7.551,5.321,18.25,90.18
2020-06-11 4:00,0.141,5.845,5.986,37.691,18.598,12.795,5.804,18.121,84.673
2020-06-11 5:00,0.29,4.575,4.866,33.073,22.808,16.847,5.96,17.66,81.268
2020-06-11 6:00,0.567,5.312,5.879,27.978,21.282,16.02,5.263,18.033,77.624
2020-06-11 7:00,0.843,4.054,4.897,14.177,11.314,8.834,2.487,17.306,73.067
2020-06-11 8:00,1.155,2.578,3.717,12.515,9.557,8.35,1.206,17.117,60.513
2020-06-11 9:00,1.176,2.672,3.848,21.919,9.565,8.244,1.322,18.267,50.782
2020-06-11 10:00,1.29,2.521,3.767,22.186,8.287,6.954,1.334,19.047,50.624
2020-06-11 11:00,1.233,2.704,3.937,24.137,9.399,7.297,2.102,19.908,48.916
2020-06-11 12:00,1.215,2.831,4.046,25.151,9.657,6.841,2.816,20.396,47.914
2020-06-11 13:00,0.979,2.468,3.447,28.644,10.511,7.531,2.978,21.188,45.621
2020-06-11 14:00,1.059,2.546,3.671,32.785,10.2,6.709,3.496,22.562,43.609
2020-06-11 15:00,1.004,2.818,3.823,35.42,12.851,8.844,4.007,23.393,41.29
2020-06-11 16:00,0.98,2.787,3.814,35.879,13.866,10.085,3.784,23.799,38.771
2020-06-11 17:00,0.846,2.576,3.53,36.171,11.721,8.225,3.496,23.35,39.061
2020-06-11 18:00,0.836,2.488,3.315,35.322,11.009,7.619,3.389,22.512,40.765
2020-06-11 19:00,0.447,2.22,2.667,35.962,10.678,7.62,3.058,21.345,42.106
2020-06-11 20:00,0.582,3.223,3.805,36.164,10.298,7.126,3.173,20.554,44.598
2020-06-11 21:00,0.702,5.651,6.395,34.398,10.046,6.592,3.45,19.823,47.437
2020-06-11 22:00,0.529,9.298,9.827,30.604,12.279,8.374,3.911,19.103,50.311
2020-06-11 23:00,0.422,12.27,12.692,26.262,12.536,8.016,4.52,18.442,52.735
2020-06-12 0:00,0.365,16.185,16.55,23.274,15.217,10.19,5.028,18.289,54.418
2020-06-12 1:00,0.03,8.117,8.145,32.259,14.892,10.21,4.686,18.333,55.46
2020-06-12 2:00,0.134,3.343,3.476,37.979,9.365,5.863,3.503,17.39,59.212
2020-06-12 3:00,0.136,1.718,1.854,40.751,6.684,4.02,2.663,15.937,63.831
2020-06-12 4:00,0.133,1.508,1.641,33.303,7.299,4.3,2.999,14.399,67.737
2020-06-12 5:00,0.264,1.685,1.948,31.537,7.833,5.535,2.3,13.362,63.634
2020-06-12 6:00,0.542,2.268,2.811,36.952,8.092,6.83,1.262,13.101,53.512
2020-06-12 7:00,0.678,2.954,3.632,36.585,12.254,10.724,1.533,13.248,51.466
2020-06-12 8:00,1.24,2.385,3.556,34.386,9.974,8.962,1.016,13.509,51.482
2020-06-12 9:00,0.923,2.23,3.153,33.444,6.458,5.73,0.727,13.745,50.342
2020-06-12 10:00,1.034,2.062,3.096,32.484,6.708,5.969,0.742,15.359,46.073
2020-06-12 11:00,0.915,1.892,2.807,31.16,6.157,5.482,0.681,16.307,43.545
2020-06-12 12:00,1.162,1.797,3.098,31.825,8.038,7.225,0.813,16.971,41.464
2020-06-12 13:00,1.195,1.773,2.941,32.738,9.2,8.209,0.99,17.803,40.343
2020-06-12 14:00,0.853,1.669,2.444,34.309,8.254,7.223,1.029,18.268,39.193
2020-06-12 15:00,0.949,2.071,3.02,34.092,6.185,4.869,1.315,18.792,40.603
2020-06-12 16:00,0.764,2.105,2.869,34.413,9.185,7.106,2.079,18.185,40.902
2020-06-12 17:00,0.584,1.671,2.255,36.632,13.137,10.437,2.7,16.967,39.961
2020-06-12 18:00,0.676,1.987,2.663,36.596,8.539,6.292,2.25,16.041,38.755
2020-06-12 19:00,0.391,1.664,2.055,36.781,6.911,4.857,2.054,14.776,40.606
2020-06-12 20:00,0.642,3.21,3.852,33.524,5.777,3.851,1.926,13.343,44.37
2020-06-12 21:00,0.389,3.033,3.422,31.016,5.767,3.583,2.178,12.023,49.821
2020-06-12 22:00,0.315,2.881,3.196,27.898,4.863,2.741,2.12,10.983,50.832
2020-06-12 23:00,0.246,2.699,2.945,25.642,6.139,3.802,2.337,10.199,55.577
2020-06-13 0:00,0.238,2.577,2.815,23.827,5.969,3.221,2.748,9.468,60.899
2020-06-13 1:00,0.048,4.458,4.503,22.419,5.225,2.397,2.827,9.109,64.956
2020-06-13 2:00,0.617,4.639,5.256,19.276,6.323,3.204,3.119,8.64,70.192
2020-06-13 3:00,0.464,2.756,3.22,19.603,5.358,2.737,2.619,8.426,67.508
2020-06-13 4:00,0.515,3.045,3.561,20.203,5.28,2.547,2.732,8.944,61.635
2020-06-13 5:00,0.455,3.591,4.046,19.733,7.095,4.449,2.647,9.13,60.275
2020-06-13 6:00,0.317,2.417,2.734,18.394,5.921,3.48,2.44,9.254,62.663
2020-06-13 7:00,0.678,2.685,3.362,20.138,7.258,4.563,2.699,10.437,58.818
2020-06-13 8:00,0.745,1.811,2.556,21.9,6.5,3.975,2.526,12.903,51.467
2020-06-13 9:00,0.772,1.295,2.006,25.034,5.837,3.633,2.204,14.837,45.141
2020-06-13 10:00,0.656,1.256,1.912,28.458,5.436,3.363,2.078,16.164,38.676
2020-06-13 11:00,0.547,1.054,1.668,32.493,5.381,3.517,1.866,17.018,33.952
2020-06-13 12:00,0.575,1.148,1.711,35.062,7.149,5.007,2.143,17.843,31.021
2020-06-13 13:00,0.603,1.213,1.817,34.432,7.767,5.54,2.225,18.518,31.048
2020-06-13 14:00,0.616,1.142,1.757,34.208,7.067,4.721,2.348,18.549,31.812
2020-06-13 15:00,0.614,1.154,1.768,34.379,7.626,5.059,2.564,19.125,30.551
2020-06-13 16:00,0.676,2.08,2.756,38.896,9.765,6.55,3.217,18.387,33.258
2020-06-13 17:00,0.483,1.751,2.234,42.072,9.552,6.258,3.29,17.227,34.038
2020-06-13 18:00,0.388,1.431,1.819,41.26,10.499,7.594,2.911,16.039,33.368
2020-06-13 19:00,0.543,2.289,2.832,40.266,10.02,6.885,3.135,14.968,35.779
2020-06-13 20:00,0.659,6.513,7.253,35.57,7.783,4.515,3.269,13.696,41.647
2020-06-13 21:00,0.516,10.163,10.423,29.335,10.043,5.678,4.367,12.196,55.869
2020-06-13 22:00,0.409,7.001,7.363,26.703,9.097,4.475,4.621,11.207,64.508
2020-06-13 23:00,0.159,4.617,4.776,25.114,10.474,5.481,4.995,10.627,62.782
2020-06-14 0:00,0.237,8.109,8.346,18.656,12.358,6.503,5.851,10.007,65.759
2020-06-14 1:00,-0.045,7.529,7.478,18.951,12.154,6.08,6.075,9.241,68.295
2020-06-14 2:00,7.651,11.719,21.347,12.685,10.229,5.252,4.975,8.825,69.634
2020-06-14 3:00,3.656,17.289,20.623,5.631,8.601,4.263,4.337,8.279,70.036
2020-06-14 4:00,0.244,6.095,6.339,12.55,8.864,4.926,3.937,7.809,69.737
2020-06-14 5:00,0.369,6.635,7.004,9.557,8.285,4.395,3.89,7.389,71.129
2020-06-14 6:00,1.687,7.078,8.764,10.904,7.773,4.104,3.667,9.701,60.644
2020-06-14 7:00,1.631,3.623,5.612,17.927,10.814,8.001,2.81,12.77,49.388
2020-06-14 8:00,2.608,3.051,5.738,21.643,5.642,2.76,2.871,14.201,43.769
2020-06-14 9:00,2.285,2.25,4.202,24.234,8.638,5.102,3.543,15.504,40.411
2020-06-14 10:00,0.516,1.094,1.61,27.308,4.67,2.668,2.002,15.935,39.703
2020-06-14 11:00,1.053,1.247,2.29,28.898,4.747,2.772,1.976,16.597,35.995
2020-06-14 12:00,0.982,1.795,2.777,28.776,6.049,3.855,2.194,17.101,36.626
2020-06-14 13:00,1.471,1.703,3.409,29.149,6.231,3.91,2.323,17.046,36.372
2020-06-14 14:00,0.541,1.044,1.585,30.097,5.157,2.635,2.522,17.265,36.409
2020-06-14 15:00,0.555,1.101,1.656,30.333,6.066,3.709,2.367,17.239,34.097
2020-06-14 16:00,0.399,0.865,1.264,31.049,4.413,2.746,1.666,17.353,31.533
2020-06-14 17:00,0.425,0.971,1.396,31.589,4.664,2.773,1.893,17.288,30.366
2020-06-14 18:00,0.472,1.037,1.509,32.002,4.995,3.163,1.832,16.663,31.26
2020-06-14 19:00,0.917,3.236,4.029,31.298,6.811,4.189,2.624,16.067,34.436
2020-06-14 20:00,0.633,4.482,4.919,30.138,7.357,4.221,3.138,15.234,36.023
2020-06-14 21:00,0.14,2.664,2.804,30.384,9.289,5.846,3.448,14.136,38.737
2020-06-14 22:00,0.129,4.574,4.704,27.042,9.29,5.685,3.608,13.12,42.841
2020-06-14 23:00,0.499,6.508,6.967,24.359,9.304,5.272,4.034,12.5,45.494
2020-06-15 0:00,0.307,6.543,6.85,22.77,9.063,5.181,3.886,11.598,48.874
2020-06-15 1:00,0.62,13.834,14.453,15.729,11.746,7.068,4.68,11.115,52.076
2020-06-15 2:00,0.79,10.537,11.326,18.241,9.84,5.245,4.593,11.105,52.796
2020-06-15 3:00,0.383,8.852,9.263,16.681,11.107,6.729,4.379,10.263,56.494
2020-06-15 4:00,0.697,10.071,10.753,15.043,14.55,9.871,4.684,9.963,58.651
2020-06-15 5:00,1.249,10.614,11.863,15.151,16.23,10.882,5.348,10.04,60.067
2020-06-15 6:00,2.974,12.376,15.349,14.046,36.35,28.207,8.14,11.946,57.516
2020-06-15 7:00,2.954,7.189,10.154,19.664,28.473,22.826,5.643,14.522,51.581
2020-06-15 8:00,4.479,6.067,10.244,24.806,21.013,16.214,4.8,16.77,45.089
2020-06-15 9:00,2.083,3.696,6.668,28.984,15.545,11.347,4.203,18.369,40.543
2020-06-15 10:00,2.024,3.819,6.171,29.993,10.747,6.967,3.785,18.97,37.013
2020-06-15 11:00,0.912,2.161,3.073,31.354,9.422,5.912,3.509,19.35,34.782
2020-06-15 12:00,0.707,1.756,2.463,33.285,8.28,4.933,3.349,19.779,32.984
2020-06-15 13:00,0.702,1.738,2.44,35.204,8.432,5.055,3.378,19.764,32.941
2020-06-15 14:00,0.989,2.347,3.336,38.268,7.245,4.093,3.154,19.791,31.436
2020-06-15 15:00,0.528,1.504,2.032,39.164,7.497,4.505,2.992,20.154,28.512
2020-06-15 16:00,0.817,2.428,3.223,41.057,10.099,6.659,3.432,20.296,29.281
2020-06-15 17:00,1.074,3.287,4.686,41.327,10.373,6.919,3.455,20.335,29.858
2020-06-15 18:00,1.153,4.503,5.939,41.757,10.757,6.988,3.765,20.043,31.213
2020-06-15 19:00,0.406,2.803,3.21,43.07,9.899,6.357,3.543,18.691,32.462
2020-06-15 20:00,0.365,5.318,5.682,40.081,15.285,11.374,3.933,17.448,34.03
2020-06-15 21:00,2.045,11.597,13.621,30.203,35.688,30.538,5.208,15.616,37.049
2020-06-15 22:00,1.241,24.001,25.196,15.331,30.892,24.768,6.037,14.509,42.479
2020-06-15 23:00,2.234,32.327,34.561,5.925,20.298,13.964,6.333,13.832,46.533
2020-06-16 0:00,1.006,24.882,25.887,9.765,18.794,11.52,7.275,13.34,49.205
2020-06-16 1:00,0.142,16.016,16.156,18.592,14.876,8.698,6.176,12.786,51.725
2020-06-16 2:00,0.887,17.496,19.417,12.818,17.994,11.301,6.698,12.033,56.26
2020-06-16 3:00,0.601,12.646,13.184,16.849,17.572,11.259,6.292,11.603,58.9
2020-06-16 4:00,0.748,11.252,12.006,15.837,12.971,7.118,5.853,10.999,62.102
2020-06-16 5:00,1.21,14.28,15.395,13.145,16.618,10.394,6.217,10.731,63.522
2020-06-16 6:00,2.27,13.869,16.139,14.755,19.797,13.427,6.357,12.441,59.689
2020-06-16 7:00,5.219,14.763,19.982,17.983,29.863,23.336,6.545,16.67,48.834
2020-06-16 8:00,4.684,10.194,14.212,26.348,26.066,20.209,5.854,19.543,41.735
2020-06-16 9:00,1.853,5.471,7.324,35.494,16.284,11.714,4.567,20.345,38.936
2020-06-16 10:00,1.609,5.093,6.701,40.145,13.684,9.235,4.45,20.848,35.944
2020-06-16 11:00,0.877,3.062,4.125,42.935,11.346,7.395,3.95,20.99,35.403
2020-06-16 12:00,1.009,2.893,3.658,41.078,10.938,7.321,3.62,21.696,33.904
2020-06-16 13:00,0.789,2.499,3.288,42.275,9.288,5.485,3.805,22.536,33.186
2020-06-16 14:00,0.653,2.343,2.996,45.547,11.79,7.763,4.023,22.86,32.522
2020-06-16 15:00,0.456,1.802,2.258,47.95,11.614,7.607,3.992,22.95,31.582
2020-06-16 16:00,0.566,2.424,2.944,49.695,18.922,10.871,8.06,23.098,29.435
2020-06-16 17:00,0.333,1.741,2.074,52.695,9.374,5.818,3.556,23.273,25.73
2020-06-16 18:00,0.737,3.82,4.52,52.809,15.476,11.386,4.081,23.07,26.487
2020-06-16 19:00,0.586,5.154,5.74,47.455,14.558,9.936,4.63,21.155,33.164
2020-06-16 20:00,0.391,6.805,7.205,44.501,12.765,8.237,4.53,19.449,36.688
2020-06-16 21:00,0.385,20.561,21.019,31.331,41.357,34.528,6.818,17.729,42.306
2020-06-16 22:00,2.262,36.418,38.902,17.173,28.919,22.137,6.794,16.109,47.943
2020-06-16 23:00,1.539,36.463,38.417,10.302,28.454,20.88,7.572,14.987,53.114
2020-06-17 0:00,2.695,25.064,27.45,14.57,22.339,13.827,8.516,14.155,57.268
2020-06-17 1:00,13.605,30.58,44.132,7.846,19.442,10.822,8.627,13.595,59.911
2020-06-17 2:00,3.401,25.477,28.696,6.443,16.457,8.064,8.393,13.026,62.839
2020-06-17 3:00,0.417,18.5,18.917,9.93,15.284,7.887,7.396,12.725,64.779
2020-06-17 4:00,0.251,10.627,10.878,18.218,14.275,7.431,6.844,12.602,63.584
2020-06-17 5:00,1.287,13.009,14.969,17.77,18.82,11.457,7.359,12.442,62.885
2020-06-17 6:00,3.688,18.135,21.911,14.366,24.756,16.602,8.167,14.404,58.364
2020-06-17 7:00,11.878,23.77,35.587,14.256,67.913,55.484,12.409,18.425,48.513
2020-06-17 8:00,3.925,11.961,15.776,36.261,43.484,35.424,8.047,20.995,41.274
2020-06-17 9:00,2.133,7.257,9.39,42.411,60.945,28.077,32.893,22.256,39.45
2020-06-17 10:00,1.245,4.456,5.632,43.631,13.266,8.099,5.167,22.882,38.469
2020-06-17 11:00,1.553,4.981,7.691,45.685,14.365,8.947,5.42,23.19,38.067
2020-06-17 12:00,1.035,3.736,4.39,47.438,12.576,7.172,5.401,23.739,38.22
2020-06-17 13:00,0.84,3.568,4.408,48.323,14.785,9.326,5.459,24.708,36.289
2020-06-17 14:00,0.759,3.758,4.517,50.788,15.753,10.041,5.714,24.827,36.727
2020-06-17 15:00,0.7,4.028,4.728,55.054,16.041,9.943,6.095,26.437,33.027
2020-06-17 16:00,0.701,3.808,4.499,55.71,16.444,10.556,5.883,26.973,30.857
2020-06-17 17:00,0.469,2.978,3.63,57.23,14.456,8.949,5.507,27.136,28.977
2020-06-17 18:00,0.944,5.103,6.17,54.183,28.079,14.592,13.519,26.493,30.514
2020-06-17 19:00,1.1,5.267,6.107,54.128,21.341,15.101,6.252,23.613,37.059
2020-06-17 20:00,0.318,10.407,10.749,48.128,29.491,21.939,7.538,21.645,44.555
2020-06-17 21:00,0.151,18.381,18.53,38.032,124.893,111.172,13.674,19.662,53.658
2020-06-17 22:00,0.892,32.534,34.1,20.332,54.645,43.103,11.542,18.062,61.01
2020-06-17 23:00,2.028,25.792,27.696,21.051,29.883,19.692,10.196,17.223,64.643
2020-06-18 0:00,0.803,21.029,22.775,22.108,21.121,11.129,9.988,16.894,65.621
2020-06-18 1:00,1.122,24.051,25.774,15.176,20.804,10.068,10.737,16.211,67.515
2020-06-18 2:00,0.275,20.093,20.368,14.882,19.429,8.956,10.468,15.525,69.042
2020-06-18 3:00,0.709,15.973,17.177,17.093,19.17,8.758,10.41,15.295,68.563
2020-06-18 4:00,0.195,10.524,10.719,21.531,16.453,6.721,9.733,14.789,69.166
2020-06-18 5:00,1.852,13.967,17.918,21.584,17.61,8.302,9.307,14.625,67.84
2020-06-18 6:00,2.909,20.491,23.102,18.131,31.769,20.841,10.927,16.605,60.679
2020-06-18 7:00,4.99,20.194,25.132,27.454,48.153,37.567,10.575,20.302,47.84
2020-06-18 8:00,0.995,5.759,6.754,47.485,19.736,12.618,7.122,22.255,41.898
2020-06-18 9:00,1.394,6.259,7.634,48.78,20.532,13.569,6.969,23.779,39.503
2020-06-18 10:00,0.977,4.947,5.921,54.009,19.335,12.35,6.97,23.865,38.926
2020-06-18 11:00,1.037,4.604,5.976,54.782,20.545,13.159,7.376,24.128,40.382
2020-06-18 12:00,0.802,4.385,5.187,56.481,17.836,10.2,7.639,25.373,39.579
2020-06-18 13:00,1.017,4.495,5.602,58.81,18.523,10.455,8.07,26.681,38.127
2020-06-18 14:00,1.372,5.655,6.817,57.47,18.412,10.518,7.9,27.642,35.429
2020-06-18 15:00,0.674,4.028,4.703,59.1,22.013,14.563,7.431,27.781,34.749
2020-06-18 16:00,0.402,3.478,3.879,62.744,18.856,12.192,6.656,27.969,31.67
2020-06-18 17:00,0.363,3.016,3.379,63.534,19.174,12.8,6.373,28.219,30.28
2020-06-18 18:00,0.367,4.033,4.617,64.146,27.331,20.492,6.859,26.922,31.678
2020-06-18 19:00,0.574,6.856,7.327,60.974,25.923,18.937,6.989,25.256,35.312
2020-06-18 20:00,0.215,6.77,6.984,60.88,31.356,24.302,7.061,24.829,35.448
2020-06-18 21:00,0.172,11.518,11.627,57.254,38.808,30.769,8.011,23.178,38.399
2020-06-18 22:00,0.281,13.274,13.762,54.55,39.061,30.334,8.703,22.122,42.452
2020-06-18 23:00,0.129,8.729,8.858,55.426,25.398,17.361,8.055,21.107,47.175
2020-06-19 0:00,0.126,11.798,11.971,50.634,30.72,21.538,9.193,20.832,50.409
2020-06-19 1:00,0.115,14.944,15.086,44.644,19.854,10.86,8.997,20.472,53.647
2020-06-19 2:00,0.174,9.245,9.307,42.346,19.369,9.729,9.641,19.784,61.255
2020-06-19 3:00,0.333,10.5,11.661,36.664,21.675,11.357,10.32,18.955,66.058
2020-06-19 4:00,0.167,11.156,11.323,34.153,23.306,13.059,10.237,18.453,69.819
2020-06-19 5:00,0.211,8.98,9.218,30.782,22.815,13.028,9.796,17.989,75.289
2020-06-19 6:00,1.126,12.556,13.575,25.364,22.839,14.121,8.723,19.122,73.875
2020-06-19 7:00,4.04,15.166,19.209,24.476,39.103,29.136,9.963,21.704,65.172
2020-06-19 8:00,4.1,13.782,17.881,30.319,38.446,27.605,10.819,24.093,55.599
2020-06-19 9:00,2.899,11.243,14.142,38.378,34.744,23.366,11.356,25.928,50.246
2020-06-19 10:00,1.194,5.898,7.093,45.105,26.327,16.697,9.631,28.154,46.376
2020-06-19 11:00,1.69,9.267,11.054,56.848,31.076,18.903,12.171,27.912,47.372
2020-06-19 12:00,1.054,8.371,9.425,70.253,31.82,18.076,13.743,27.745,45.225
2020-06-19 13:00,0.526,6.427,6.953,69.241,25.541,13.35,12.193,27.764,44.299
2020-06-19 14:00,1.026,4.079,4.869,62.493,25.945,16.592,9.346,28.296,41.995
2020-06-19 15:00,0.47,3.764,4.234,64.667,20.607,12.159,8.446,28.655,43.077
2020-06-19 16:00,0.435,3.741,4.175,63.613,23.763,15.72,8.044,29.17,43.069
2020-06-19 17:00,0.792,5.796,6.589,57.857,20.225,13.03,7.198,26.819,52.144
2020-06-19 18:00,0.672,7.124,7.795,57.031,18.681,11.969,6.714,25.735,54.506
2020-06-19 19:00,0.398,8.993,9.391,57.557,17.053,10.223,6.834,24.43,57.772
2020-06-19 20:00,0.338,12.96,13.277,52.422,18.636,11.497,7.136,23.036,62.297
2020-06-19 21:00,0.229,10.705,10.888,50.241,23.453,15.909,7.542,22.221,63.425
2020-06-19 22:00,0.082,11.076,11.158,47.034,55.663,45.167,10.486,21.518,66.93
2020-06-19 23:00,0.152,15.322,15.503,37.289,87.009,70.387,16.559,20.627,71.438
2020-06-20 0:00,0.161,14.92,15.087,37.763,54.28,41.661,12.541,20.199,72.448
2020-06-20 1:00,0.084,12.43,12.513,39.343,31.446,22.327,9.123,19.687,74.557
2020-06-20 2:00,0.145,8.524,8.669,36.89,14.197,6.515,7.68,19.492,75.101
2020-06-20 3:00,0.169,8.841,9.01,30.047,15.31,6.704,8.602,19.198,76.794
2020-06-20 4:00,0.315,9.246,9.427,25.98,21.068,11.144,9.921,18.74,78.811
2020-06-20 5:00,1.564,12.273,13.692,18.93,21.07,10.044,11.02,18.317,80.623
2020-06-20 6:00,0.36,8.453,8.813,29.607,17.902,7.487,10.417,19.642,71.048
2020-06-20 7:00,0.599,6.836,7.435,39.818,18.488,9.226,9.263,22.625,54.571
2020-06-20 8:00,0.592,5.565,6.157,53.869,26.694,16.345,10.351,26.976,39.802
2020-06-20 9:00,0.337,2.844,3.181,62.502,24.253,13.716,10.53,27.773,38.221
2020-06-20 10:00,0.442,3.918,4.36,65.885,22.527,11.184,11.343,28.134,39.664
2020-06-20 11:00,0.408,3.783,4.19,71.326,20.883,9.688,11.194,28.603,34.961
2020-06-20 12:00,0.306,2.795,3.102,74.466,20.824,10.371,10.45,29.123,31.684
2020-06-20 13:00,0.309,2.456,2.764,75.045,20.835,10.885,9.955,30.474,30.043
2020-06-20 14:00,0.658,3.393,4.001,73.599,20.743,10.698,10.043,30.973,30.602
2020-06-20 15:00,0.306,2.686,2.992,73.507,22.703,12.289,10.412,30.965,33.528
2020-06-20 16:00,0.255,1.938,2.193,70.495,24.09,14.315,9.778,30.701,35.334
2020-06-20 17:00,0.216,1.769,1.985,66.084,23.057,14.104,8.951,30.071,36.77
2020-06-20 18:00,0.253,2.169,2.422,62.184,24.882,15.997,8.888,29.854,36.737
2020-06-20 19:00,0.274,3.83,3.937,63.148,21.412,11.407,10.007,28.475,41.627
2020-06-20 20:00,0.168,6.348,6.672,67.79,23.043,10.988,12.062,27.306,47.79
2020-06-20 21:00,0.247,14.661,14.99,56.617,24.838,12.31,12.533,26.23,51.883
2020-06-20 22:00,0.514,14.529,15.464,45.856,33.429,21.039,12.322,24.764,56.948
2020-06-20 23:00,0.119,12.275,12.394,48.203,41.935,28.871,13.062,23.653,62.692
2020-06-21 0:00,0.111,11.077,11.188,43.939,21.653,8.311,13.344,21.658,77.45
2020-06-21 1:00,1.58,21.505,22.871,38.205,58.756,40.313,18.517,20.74,82.745
2020-06-21 2:00,0.821,18.393,19.37,38.9,29.587,13.41,16.166,19.985,86.418
2020-06-21 3:00,0.116,8.968,9.079,47.72,24.002,8.522,15.483,19.471,86.732
2020-06-21 4:00,0.258,24.61,25.004,26.221,48.202,27.767,20.442,19.067,87.238
2020-06-21 5:00,1.516,20.207,21.435,24.73,30.212,9.928,20.287,18.781,88.781
2020-06-21 6:00,2.342,11.802,14.216,31.638,26.043,7.641,18.402,19.451,84.424
2020-06-21 7:00,4.018,17.364,21.553,30.23,25.595,10.26,15.336,22.167,73.981
2020-06-21 8:00,1.941,9.869,11.641,41.46,20.523,8.751,11.772,24.495,60.647
2020-06-21 9:00,0.655,4.395,5.049,49.614,17.316,7.936,9.38,26.442,53.057
2020-06-21 10:00,-0.275,2.425,2.149,56.347,16.002,6.647,9.352,27.459,50.997
2020-06-21 11:00,0.481,3.596,4.077,54.63,16.983,7.848,9.134,27.461,51.448
2020-06-21 12:00,0.381,2.689,3.07,53.109,15.954,7.091,8.866,28.252,48.958
2020-06-21 13:00,0.399,2.33,2.729,55.729,16.926,8.074,8.85,29.103,46.48
2020-06-21 14:00,0.306,2.354,2.66,62.629,16.766,7.568,9.199,29.634,44.902
2020-06-21 15:00,1.431,3.833,5.454,59.09,18.238,9.074,9.162,29.361,46.274
2020-06-21 16:00,0.35,2.293,2.577,60.457,16.518,7.708,8.781,28.003,50.005
2020-06-21 17:00,0.424,3.096,3.52,56.262,16.907,8.444,8.461,27.083,52.587
2020-06-21 18:00,0.406,4.318,4.815,53.521,120.623,105.326,14.75,26.256,56.531
2020-06-21 19:00,0.181,3.27,3.451,55.831,25.206,15.573,9.635,25.695,58.963
2020-06-21 20:00,0.171,5.03,5.201,53.583,21.084,11.409,9.672,25.044,62.274
2020-06-21 21:00,0.17,8.497,8.667,44.679,21.614,12.44,9.171,24.336,63.347
2020-06-21 22:00,0.099,7.635,7.735,45.673,18.27,9.51,8.758,23.399,67.065
2020-06-21 23:00,0.176,14.25,14.426,36.631,20.682,10.904,9.772,23.01,68.592
2020-06-22 0:00,0.187,12.894,13.084,37.07,24.795,15.591,9.203,22.327,71.542
2020-06-22 1:00,0.77,14.843,16.965,34.757,18.692,9.931,8.754,21.394,76.528
2020-06-22 2:00,0.155,9.896,10.051,32.818,14.627,6.216,8.41,20.675,79.896
2020-06-22 3:00,0.139,11.882,12.021,27.535,22.499,13.012,9.397,20.703,79.847
2020-06-22 4:00,0.544,14.426,15.457,23.299,20.57,10.704,9.865,20.168,82.856
2020-06-22 5:00,1.661,14.015,15.6,18.968,17.339,7.621,9.716,19.595,86.299
2020-06-22 6:00,1.122,13.513,14.608,24.408,18.695,8.308,10.384,20.746,82.94
2020-06-22 7:00,1.646,15.643,17.289,27.41,23.247,11.109,12.149,23.103,72.212
2020-06-22 8:00,2.492,20.632,23.246,23.735,23.21,10.587,12.62,23.534,69.09
2020-06-22 9:00,4.13,20.02,24.371,26.506,45.785,31.28,14.535,24.119,65.873
2020-06-22 10:00,3.613,15.661,18.952,32.802,90.813,72.849,17.99,25.577,59.862
2020-06-22 11:00,3.169,12.343,15.454,42.745,23.983,13.348,10.637,28.352,50.797
2020-06-22 12:00,1.983,10.101,12.23,54.632,26.037,14.397,11.634,30.137,44.412
2020-06-22 13:00,0.725,7.366,8.09,67.775,27.448,15.364,12.086,30.896,41.995
2020-06-22 14:00,0.443,6.768,7.211,73.572,26.737,14.821,11.911,30.379,41.324
2020-06-22 15:00,0.399,5.943,6.342,79.185,24.781,13.396,11.376,31.392,39.694
2020-06-22 16:00,2.389,12.262,14.108,81.732,28.987,14.677,14.316,28.74,48.978
2020-06-22 17:00,0.288,6.828,7.11,91.147,28.692,14.166,14.53,28.456,49
2020-06-22 18:00,0.691,9.88,10.784,81.389,26.377,13.41,12.966,27.384,52.615
2020-06-22 19:00,0.19,4.868,5.058,69.071,22.059,11.168,10.89,25.119,59.848
2020-06-22 20:00,0.25,4.491,5.016,63.116,17.059,7.125,9.932,23.758,66.18
2020-06-22 21:00,0.218,7.642,7.955,55.4,17.273,6.459,10.816,23.293,69.753
2020-06-22 22:00,0.166,6.068,6.237,52.717,17.506,6.88,10.626,23.131,71.54
2020-06-22 23:00,0.265,8.363,8.973,49.292,17.76,6.622,11.139,22.901,71.665
2020-06-23 0:00,0.185,7.562,7.747,48.813,14.68,4.518,10.162,22.494,71.249
2020-06-23 1:00,0.12,11.374,11.536,44.454,14.323,4.782,9.541,21.829,75.389
2020-06-23 2:00,0.159,6.372,6.523,44.535,19.731,10.152,9.566,21.452,78.749
2020-06-23 3:00,0.163,6.158,6.319,43.993,15.743,6.188,9.561,20.76,84.24
2020-06-23 4:00,0.244,6.188,6.485,39.511,14.481,5.374,9.108,20.235,87.365
2020-06-23 5:00,0.151,7.47,7.62,38.63,14.944,5.533,9.412,20.342,85.021
2020-06-23 6:00,0.453,10.968,11.395,36.145,16.535,6.264,10.268,20.62,82.588
2020-06-23 7:00,1.067,10.65,11.717,38.343,17.868,7.699,10.172,21.421,78.093
2020-06-23 8:00,1.725,8.95,10.675,43.172,21.67,10.377,11.294,22.938,71.272
2020-06-23 9:00,1.704,6.813,9.238,45.687,23.068,11.977,11.096,24.003,70.847
2020-06-23 10:00,1.074,5.315,6.355,44.422,20.589,11.514,9.074,23.757,72.355
2020-06-23 11:00,0.684,4.434,5.051,47.27,21.301,11.775,9.522,24.057,71.061
2020-06-23 12:00,1.028,8.479,9.389,43.1,17.161,7.416,9.746,22.723,80.356
2020-06-23 13:00,0.963,6.926,7.888,39.402,16.144,6.332,9.806,21.861,87.676
2020-06-23 14:00,0.916,5.846,6.733,38.092,14.94,5.311,9.624,21.896,86.78
2020-06-23 15:00,0.926,6.305,7.232,38.64,14.727,4.554,10.173,22.485,85.163
2020-06-23 16:00,0.725,9.492,10.241,34.679,14.661,4.296,10.365,21.402,88.795
2020-06-23 17:00,0.56,6.301,6.861,42.758,9.967,5.047,4.923,20.367,86.198
2020-06-23 18:00,1.103,8.307,9.41,41.009,11.291,6.404,4.885,20.78,85.922
2020-06-23 19:00,0.684,6.874,7.558,44.574,12.254,5.366,6.889,21.846,82.308
2020-06-23 20:00,0.331,8.246,8.578,48.242,11.251,4.436,6.814,21.636,81.434
2020-06-23 21:00,0.275,8.558,8.833,46.275,10.965,5.549,5.417,20.831,81.878
2020-06-23 22:00,0.19,3.153,3.343,34.445,14.544,8.296,6.245,19.781,72.509
2020-06-23 23:00,0.23,3.13,3.36,30.183,11.324,6.794,4.528,18.082,71.059
2020-06-24 0:00,0.213,3.84,4.053,27.286,8.542,5.741,2.8,17.759,68.736
2020-06-24 1:00,0.137,7.356,7.5,31.919,9.886,7.147,2.74,17.851,65.49
2020-06-24 2:00,0.1,3.928,4.028,33.438,8.641,6.226,2.416,17.468,64.365
2020-06-24 3:00,0.138,2.892,3.03,31.296,6.723,5.074,1.645,16.795,65.742
2020-06-24 4:00,0.214,2.915,3.128,31.117,6.86,4.865,1.998,16.274,69.037
2020-06-24 5:00,0.263,3.253,3.516,30.322,7.037,4.617,2.417,16.114,69.864
2020-06-24 6:00,0.537,3.532,4.069,28.163,6.239,4.054,2.185,16.104,71.352
2020-06-24 7:00,0.945,4.668,5.604,27.257,7.451,4.926,2.526,16.167,70.025
2020-06-24 8:00,1.273,5.019,6.292,25.049,7.288,4.952,2.34,15.288,78.406
2020-06-24 9:00,1.142,3.031,4.173,28.709,6.924,5.49,1.44,17.144,63.881
2020-06-24 10:00,1.178,2.912,4.046,32.524,10.955,8.89,2.064,17.879,57.023
2020-06-24 11:00,1.038,2.953,3.983,32.799,10.63,8.116,2.504,18.021,55.74
2020-06-24 12:00,0.857,2.353,3.165,35.728,10.883,8.281,2.604,19.017,49.636
2020-06-24 13:00,1.317,2.648,4.029,33.201,11.095,7.97,3.127,20.437,44.658
2020-06-24 14:00,1.127,2.638,3.765,31.386,12.167,8.028,4.138,20.694,43.656
2020-06-24 15:00,0.984,2.566,3.55,31.351,12.366,7.981,4.388,21.287,41.754
2020-06-24 16:00,1.201,2.535,3.738,32.518,12.058,7.668,4.391,20.827,42.312
2020-06-24 17:00,1.017,2.895,3.856,32.543,11.608,7.096,4.512,21.636,40.372
2020-06-24 18:00,1.024,3.847,5.167,32.241,11.287,6.686,4.6,20.604,42.216
2020-06-24 19:00,0.684,3.454,4.138,34.47,10.665,6.029,4.641,20.282,43.216
2020-06-24 20:00,0.38,3.758,4.138,34.727,10.953,6.906,4.046,19.683,44.304
2020-06-24 21:00,0.441,8.169,8.61,30.655,14.375,9.216,5.159,18.55,51.981
2020-06-24 22:00,0.385,8.095,8.465,32.216,14.758,8.893,5.868,17.688,61.949
2020-06-24 23:00,0.304,5.91,6.213,32.211,11.694,6.201,5.494,17.419,61.815
2020-06-25 0:00,0.282,7.383,7.665,28.374,12.889,7.069,5.824,16.766,65.655
2020-06-25 1:00,0.015,11.244,11.269,23.985,12.391,5.929,6.461,16.275,66.776
2020-06-25 2:00,0.146,6.345,6.491,23.472,12.141,6.443,5.699,15.456,66.645
2020-06-25 3:00,0.131,5.201,5.333,22.254,12.734,7.1,5.634,14.574,70.326
2020-06-25 4:00,0.317,3.736,4.053,23.453,10.188,5.483,4.702,13.946,66.821
2020-06-25 5:00,0.479,4.071,4.55,23.713,9.066,4.697,4.369,13.836,65.459
2020-06-25 6:00,1.741,7.581,9.337,18.977,11.743,6.975,4.762,14.327,65.51
2020-06-25 7:00,2.977,8.417,11.394,19.536,14.111,9.089,5.02,16.823,56.064
2020-06-25 8:00,4.402,8.256,12.865,21.832,14.591,9.598,4.986,19.218,47.677
2020-06-25 9:00,3.238,6.777,10.014,26.608,13.917,9.239,4.686,21.435,40.642
2020-06-25 10:00,4.557,9.593,14.204,27.058,26.733,20.749,5.988,21.68,40.167
2020-06-25 11:00,5.971,12.367,18.333,23.742,24.069,17.485,6.58,21.392,44.902
2020-06-25 12:00,3.924,8.427,12.481,35.104,22.292,15.244,7.048,23.595,41.845
2020-06-25 13:00,1.882,7.093,8.635,43.031,20.991,14.002,6.987,23.322,41.458
2020-06-25 14:00,1.131,4.301,5.312,45.082,17.086,11.485,5.614,24.976,34.418
2020-06-25 15:00,0.755,2.859,3.614,42.983,13.593,8.8,4.792,25.242,33.685
2020-06-25 16:00,1.253,5.952,7.37,51.254,18.58,11.972,6.607,24.136,39.11
2020-06-25 17:00,1.214,6.676,7.967,51.396,15.868,9.292,6.576,23.682,42.612
2020-06-25 18:00,0.988,9.049,10.213,50.536,19.013,12.188,6.831,23.394,44.542
2020-06-25 19:00,0.456,4.442,4.897,44.081,16.533,11.463,5.072,23.738,38.74
2020-06-25 20:00,0.295,2.872,3.167,40.941,13.187,8.558,4.628,22.91,39.415
2020-06-25 21:00,0.58,7.106,7.898,33.817,13.925,8.839,5.083,20.963,43.955
2020-06-25 22:00,2.992,18.039,21.289,20.635,15.461,9.271,6.19,19.376,48.608
2020-06-25 23:00,2.976,19.442,21.776,17.501,13.453,7.02,6.437,17.742,55.099
2020-06-26 0:00,1.159,18.608,20.181,15.424,16.013,8.843,7.17,17.075,57.412
2020-06-26 1:00,0.827,24.422,24.966,15.318,18.842,11.306,7.538,17.769,55.539
2020-06-26 2:00,0.263,17.195,17.458,20.289,15.584,8.205,7.382,17.473,58.151
2020-06-26 3:00,0.287,15.534,15.821,19.299,14.701,7.143,7.558,17.244,60.895
2020-06-26 4:00,0.322,21.041,21.362,13.352,20.634,11.493,9.15,16.969,62.997
2020-06-26 5:00,0.732,14.547,15.175,18.949,17.275,9.21,8.066,16.388,66.119
2020-06-26 6:00,1.602,11.076,12.857,22.901,19.984,12.365,7.626,17.062,63.89
2020-06-26 7:00,3.198,10.722,13.779,23.383,22.799,15.455,7.342,19.082,56.996
2020-06-26 8:00,4.864,11.214,16.078,24.27,24.957,18.132,6.826,22.717,43.473
2020-06-26 9:00,3.764,9.011,12.706,28.779,20.901,14.755,6.14,25.118,34.36
2020-06-26 10:00,1.63,5.195,6.829,36.201,19.861,13.986,5.878,26.721,29.561
2020-06-26 11:00,-7.163,1.678,-5.485,-9999,62.104,53.056,9.139,27.578,30.277